#pragma once
// Generated by bin/generate-gat562-predictions.py; do not edit by hand.
// Subset of pinyin_trie_static.h; original attribution retained below.
/*
本词典基于以下开源项目整理与生成（部分删减与修改）：
- https://github.com/rime/rime-pinyin-simp
- https://github.com/thunlp/THUOCL（成语部分）
- https://github.com/fkxxyz/rime-cloverpinyin（部分常用语）

词库的整理与集成工作由：
https://github.com/Kazagumo 完成

在此对 Rime 社区及相关开源项目的贡献者表示衷心感谢，
同时特别感谢 Kazagumo 的整理与付出。

---

This dictionary is derived and compiled from the following open-source projects
(with partial modifications and reductions):
- https://github.com/rime/rime-pinyin-simp
- https://github.com/thunlp/THUOCL (idioms)
- https://github.com/fkxxyz/rime-cloverpinyin (common phrases)

The aggregation and organization of this dictionary were completed by:
https://github.com/Kazagumo

We sincerely appreciate the contributors of the Rime community and all related
open-source projects. Special thanks to Kazagumo for their effort and contribution.

*/
static const char gat562PinyinPredictions[] =
    "\xe4\xb8\x80\xe4\xb8\xaa\0"
    "\xe4\xb8\x80\xe4\xb8\x8b\0"
    "\xe4\xb8\x80\xe4\xba\x9b\0"
    "\xe4\xb8\x80\xe6\xa0\xb7\0"
    "\xe4\xb8\x80\xe5\xae\x9a\0"
    "\xe4\xb8\x80\xe8\xb5\xb7\0"
    "\xe4\xb8\x80\xe7\x9b\xb4\0"
    "\xe4\xb8\x80\xe8\x88\xac\0"
    "\xe4\xb8\x80\xe7\x82\xb9\0"
    "\xe4\xb8\x80\xe6\xac\xa1\0"
    "\xe4\xb8\x80\xe7\xa7\x8d\0"
    "\xe4\xb8\x80\xe5\x88\x87\0"
    "\xe4\xb8\x80\xe5\xa4\xa9\0"
    "\xe4\xb8\x80\xe5\xb9\xb4\0"
    "\xe4\xb8\x80\xe5\xae\xb6\0"
    "\xe4\xb8\x80\xe4\xbd\x8d\0"
    "\xe4\xb8\x83\xe5\x98\xb4\xe5\x85\xab\xe8\x88\x8c\0"
    "\xe4\xb8\x87\xe5\x85\x83\0"
    "\xe4\xb8\x87\xe4\xbc\x97\xe4\xb8\x80\xe5\xbf\x83\0"
    "\xe4\xb8\x87\xe4\xb8\x80\0"
    "\xe4\xb8\x87\xe4\xb8\x8d\xe5\xbe\x97\xe5\xb7\xb2\0"
    "\xe4\xb8\x87\xe4\xba\x8b\xe5\xa4\xa7\xe5\x90\x89\0"
    "\xe4\xb8\x87\xe9\x87\x8c\xe9\x95\xbf\xe5\x9f\x8e\0"
    "\xe4\xb8\x88\xe5\xa4\xab\0"
    "\xe4\xb8\x89\xe4\xb8\xaa\0"
    "\xe4\xb8\x89\xe5\xb9\xb4\0"
    "\xe4\xb8\x89\xe4\xbb\xa4\xe4\xba\x94\xe7\x94\xb3\0"
    "\xe4\xb8\x89\xe4\xba\x94\xe6\x88\x90\xe7\xbe\xa4\0"
    "\xe4\xb8\x89\xe6\x98\x9f\0"
    "\xe4\xb8\x89\xe5\xa4\xa7\0"
    "\xe4\xb8\x89\xe6\x98\xaf\0"
    "\xe4\xb8\x89\xe5\xa4\xa9\0"
    "\xe4\xb8\x89\xe5\x8d\x81\0"
    "\xe4\xb8\x89\xe4\xb8\xaa\xe6\x9c\x88\0"
    "\xe4\xb8\x89\xe6\xac\xa1\0"
    "\xe4\xb8\x89\xe7\x95\xaa\xe4\xba\x94\xe6\xac\xa1\0"
    "\xe4\xb8\x89\xe7\xa7\x8d\0"
    "\xe4\xb8\x89\xe8\xb6\xb3\xe9\xbc\x8e\xe7\xab\x8b\0"
    "\xe4\xb8\x89\xe4\xba\xba\0"
    "\xe4\xb8\x89\xe5\x9b\xbd\0"
    "\xe4\xb8\x8a\xe6\xb5\xb7\0"
    "\xe4\xb8\x8a\xe7\x8f\xad\0"
    "\xe4\xb8\x8a\xe9\x9d\xa2\0"
    "\xe4\xb8\x8a\xe7\x9a\x84\0"
    "\xe4\xb8\x8a\xe7\xbd\x91\0"
    "\xe4\xb8\x8a\xe6\xac\xa1\0"
    "\xe4\xb8\x8a\xe5\x8d\x88\0"
    "\xe4\xb8\x8a\xe5\xb8\x82\0"
    "\xe4\xb8\x8a\xe6\x9d\xa5\0"
    "\xe4\xb8\x8a\xe5\x8e\xbb\0"
    "\xe4\xb8\x8a\xe6\xb6\xa8\0"
    "\xe4\xb8\x8a\xe8\xbf\xb0\0"
    "\xe4\xb8\x8a\xe5\x8d\x87\0"
    "\xe4\xb8\x8a\xe8\xaf\xbe\0"
    "\xe4\xb8\x8a\xe4\xbc\xa0\0"
    "\xe4\xb8\x8a\xe7\xba\xbf\0"
    "\xe4\xb8\x8b\xe8\xbd\xbd\0"
    "\xe4\xb8\x8b\xe5\x8d\x88\0"
    "\xe4\xb8\x8b\xe6\x9d\xa5\0"
    "\xe4\xb8\x8b\xe9\x9d\xa2\0"
    "\xe4\xb8\x8b\xe5\x8e\xbb\0"
    "\xe4\xb8\x8b\xe6\xac\xa1\0"
    "\xe4\xb8\x8b\xe7\x8f\xad\0"
    "\xe4\xb8\x8b\xe9\x99\x8d\0"
    "\xe4\xb8\x8b\xe5\x91\xa8\0"
    "\xe4\xb8\x8b\xe8\xb7\x8c\0"
    "\xe4\xb8\x8b\xe4\xba\x86\0"
    "\xe4\xb8\x8b\xe9\x9b\xa8\0"
    "\xe4\xb8\x8b\xe4\xb8\xaa\0"
    "\xe4\xb8\x8b\xe4\xb8\x80\xe6\xad\xa5\0"
    "\xe4\xb8\x8b\xe5\x88\x97\0"
    "\xe4\xb8\x8b\xe5\x8d\x8a\xe5\xb9\xb4\0"
    "\xe4\xb8\x8d\xe6\x98\xaf\0"
    "\xe4\xb8\x8d\xe8\xbf\x87\0"
    "\xe4\xb8\x8d\xe8\x83\xbd\0"
    "\xe4\xb8\x8d\xe4\xbc\x9a\0"
    "\xe4\xb8\x8d\xe8\xa6\x81\0"
    "\xe4\xb8\x8d\xe9\x94\x99\0"
    "\xe4\xb8\x8d\xe5\x90\x8c\0"
    "\xe4\xb8\x8d\xe5\xa5\xbd\0"
    "\xe4\xb8\x8d\xe7\x94\xa8\0"
    "\xe4\xb8\x8d\xe8\xa1\x8c\0"
    "\xe4\xb8\x8d\xe6\x96\xad\0"
    "\xe4\xb8\x8d\xe5\xb0\x91\0"
    "\xe4\xb8\x8d\xe5\x88\xb0\0"
    "\xe4\xb8\x8d\xe6\x83\xb3\0"
    "\xe4\xb8\x8d\xe4\xbb\x85\0"
    "\xe4\xb8\x8d\xe7\xae\xa1\0"
    "\xe4\xb8\x8e\xe5\x85\xb6\0"
    "\xe4\xb8\x93\xe4\xb8\x9a\0"
    "\xe4\xb8\x93\xe5\xae\xb6\0"
    "\xe4\xb8\x93\xe9\x97\xa8\0"
    "\xe4\xb8\x93\xe7\x94\xa8\0"
    "\xe4\xb8\x93\xe8\xbe\x91\0"
    "\xe4\xb8\x93\xe9\xa2\x98\0"
    "\xe4\xb8\x93\xe5\x88\xa9\0"
    "\xe4\xb8\x93\xe9\xa1\xb9\0"
    "\xe4\xb8\x93\xe5\xbf\x83\xe8\x87\xb4\xe5\xbf\x97\0"
    "\xe4\xb8\x96\xe7\x95\x8c\0"
    "\xe4\xb8\x96\xe7\xba\xaa\0"
    "\xe4\xb8\x96\xe7\x95\x8c\xe6\x9d\xaf\0"
    "\xe4\xb8\x9a\xe5\x8a\xa1\0"
    "\xe4\xb8\x9a\xe7\xbb\xa9\0"
    "\xe4\xb8\x9a\xe4\xb8\xbb\0"
    "\xe4\xb8\x9a\xe7\x95\x8c\0"
    "\xe4\xb8\x9c\xe8\xa5\xbf\0"
    "\xe4\xb8\x9c\xe6\x96\xb9\0"
    "\xe4\xb8\x9c\xe7\xaa\x97\xe4\xba\x8b\xe5\x8f\x91\0"
    "\xe4\xb8\x9c\xe4\xb8\x9c\0"
    "\xe4\xb8\x9c\xe5\x8c\x97\0"
    "\xe4\xb8\x9c\xe6\x8b\xbc\xe8\xa5\xbf\xe5\x87\x91\0"
    "\xe4\xb8\x9c\xe5\xb1\xb1\xe5\x86\x8d\xe8\xb5\xb7\0"
    "\xe4\xb8\x9c\xe8\x8e\x9e\0"
    "\xe4\xb8\x9c\xe5\x80\x92\xe8\xa5\xbf\xe6\xad\xaa\0"
    "\xe4\xb8\x9c\xe8\xba\xb2\xe8\xa5\xbf\xe8\x97\x8f\0"
    "\xe4\xb8\x9c\xe4\xba\xac\0"
    "\xe4\xb8\xa2\xe5\xa4\xb1\0"
    "\xe4\xb8\xa4\xe4\xb8\xaa\0"
    "\xe4\xb8\xa4\xe4\xba\xba\0"
    "\xe4\xb8\xa4\xe5\xa4\xa9\0"
    "\xe4\xb8\xa4\xe5\xb9\xb4\0"
    "\xe4\xb8\xa4\xe6\xac\xa1\0"
    "\xe4\xb8\xa4\xe7\xa7\x8d\0"
    "\xe4\xb8\xa4\xe4\xb8\xaa\xe4\xba\xba\0"
    "\xe4\xb8\xa4\xe4\xbd\x8d\0"
    "\xe4\xb8\xa4\xe5\x9b\xbd\0"
    "\xe4\xb8\xa4\xe8\x80\x85\0"
    "\xe4\xb8\xa4\xe4\xb8\xaa\xe6\x9c\x88\0"
    "\xe4\xb8\xa4\xe6\x9d\xa1\0"
    "\xe4\xb8\xa4\xe5\xa4\xa7\0"
    "\xe4\xb8\xa4\xe5\xae\xb6\0"
    "\xe4\xb8\xa4\xe5\x8f\xaa\0"
    "\xe4\xb8\xa4\xe5\xb2\xb8\0"
    "\xe4\xb8\xa5\xe9\x87\x8d\0"
    "\xe4\xb8\xa5\xe9\x98\xb5\xe4\xbb\xa5\xe5\xbe\x85\0"
    "\xe4\xb8\xa5\xe6\xa0\xbc\0"
    "\xe4\xb8\xa5\xe4\xba\x8e\xe5\xbe\x8b\xe5\xb7\xb1\0"
    "\xe4\xb8\xa5\xe6\x83\xa9\xe4\xb8\x8d\xe8\xb4\xb7\0"
    "\xe4\xb8\xa5\xe8\x82\x83\0"
    "\xe4\xb8\xa5\xe9\x87\x8d\xe9\x94\x99\xe8\xaf\xaf\0"
    "\xe4\xb8\xa7\xe5\xbf\x83\xe7\x97\x85\xe7\x8b\x82\0"
    "\xe4\xb8\xaa\xe4\xba\xba\0"
    "\xe4\xb8\xaa\xe6\x9c\x88\0"
    "\xe4\xb8\xaa\xe6\x80\xa7\0"
    "\xe4\xb8\xaa\xe8\x82\xa1\0"
    "\xe4\xb8\xaa\xe5\x88\xab\0"
    "\xe4\xb8\xaa\xe4\xbd\x93\0"
    "\xe4\xb8\xab\xe5\xa4\xb4\0"
    "\xe4\xb8\xad\xe5\x9b\xbd\0"
    "\xe4\xb8\xad\xe7\x9a\x84\0"
    "\xe4\xb8\xad\xe5\xbf\x83\0"
    "\xe4\xb8\xad\xe5\x8d\x88\0"
    "\xe4\xb8\xad\xe6\x96\x87\0"
    "\xe4\xb8\xad\xe5\x9b\xbd\xe4\xba\xba\0"
    "\xe4\xb8\xad\xe9\x97\xb4\0"
    "\xe4\xb8\xad\xe5\xa4\xae\0"
    "\xe4\xb8\xad\xe5\x8d\x8e\0"
    "\xe4\xb8\xad\xe5\xad\xa6\0"
    "\xe4\xb8\xad\xe6\xb5\x81\xe7\xa0\xa5\xe6\x9f\xb1\0"
    "\xe4\xb8\xad\xe5\x85\xb1\0"
    "\xe4\xb8\xad\xe8\xa5\xbf\xe5\x90\x88\xe7\x92\xa7\0"
    "\xe4\xb8\xad\xe5\x8c\xbb\0"
    "\xe4\xb8\xad\xe6\x9c\x89\0"
    "\xe4\xb8\xad\xe6\xaf\x92\0"
    "\xe4\xb8\xb0\xe5\xaf\x8c\0"
    "\xe4\xb8\xb0\xe5\x8a\x9f\xe4\xbc\x9f\xe7\xbb\xa9\0"
    "\xe4\xb8\xb4\xe6\x97\xb6\0"
    "\xe4\xb8\xb4\xe5\xba\x8a\0"
    "\xe4\xb8\xb4\xe5\x8d\xb1\xe5\x8f\x97\xe5\x91\xbd\0"
    "\xe4\xb8\xb4\xe5\x8d\xb1\xe4\xb8\x8d\xe6\x83\xa7\0"
    "\xe4\xb8\xba\xe4\xbb\x80\xe4\xb9\x88\0"
    "\xe4\xb8\xba\xe4\xba\x86\0"
    "\xe4\xb8\xba\xe4\xb8\xbb\0"
    "\xe4\xb8\xba\xe5\x95\xa5\0"
    "\xe4\xb8\xba\xe4\xbd\x95\0"
    "\xe4\xb8\xba\xe4\xbd\xa0\0"
    "\xe4\xb8\xba\xe6\xad\xa2\0"
    "\xe4\xb8\xba\xe6\xad\xa4\0"
    "\xe4\xb8\xba\xe6\x82\xa8\0"
    "\xe4\xb8\xbb\xe8\xa6\x81\0"
    "\xe4\xb8\xbb\xe9\xa2\x98\0"
    "\xe4\xb8\xbb\xe5\x8a\xa8\0"
    "\xe4\xb8\xbb\xe4\xbb\xbb\0"
    "\xe4\xb8\xbb\xe5\xb8\xad\0"
    "\xe4\xb8\xbb\xe6\x9d\xbf\0"
    "\xe4\xb8\xbb\xe6\x9c\xba\0"
    "\xe4\xb8\xbb\xe5\x8a\x9b\0"
    "\xe4\xb8\xbb\xe4\xbd\x93\0"
    "\xe4\xb8\xbb\xe6\xb5\x81\0"
    "\xe4\xb8\xbb\xe6\x8c\x81\0"
    "\xe4\xb8\xbb\xe7\xae\xa1\0"
    "\xe4\xb8\xbb\xe4\xba\xba\0"
    "\xe4\xb8\xbb\xe6\x8c\x81\xe4\xba\xba\0"
    "\xe4\xb8\xbb\xe9\xa1\xb5\0"
    "\xe4\xb8\xbb\xe5\xbc\xa0\0"
    "\xe4\xb8\xbe\xe8\xa1\x8c\0"
    "\xe4\xb8\xbe\xe5\x8a\x9e\0"
    "\xe4\xb8\xbe\xe6\x8a\xa5\0"
    "\xe4\xb8\xbe\xe4\xb8\x96\xe9\x97\xbb\xe5\x90\x8d\0"
    "\xe4\xb8\xbe\xe6\x8a\xa5\xe7\x94\xb5\xe8\xaf\x9d\0"
    "\xe4\xb9\x83\xe8\x87\xb3\0"
    "\xe4\xb9\x85\xe8\xb4\x9f\xe7\x9b\x9b\xe5\x90\x8d\0"
    "\xe4\xb9\x89\xe5\x8a\xa1\0"
    "\xe4\xb9\x8b\xe5\x90\x8e\0"
    "\xe4\xb9\x8b\xe5\x89\x8d\0"
    "\xe4\xb9\x8b\xe9\x97\xb4\0"
    "\xe4\xb9\x8b\xe4\xb8\x80\0"
    "\xe4\xb9\x8b\xe7\xb1\xbb\0"
    "\xe4\xb9\x8b\xe5\xa4\x96\0"
    "\xe4\xb9\x8b\xe4\xb8\xad\0"
    "\xe4\xb9\x8b\xe6\x89\x80\xe4\xbb\xa5\0"
    "\xe4\xb9\x8b\xe4\xb8\x8b\0"
    "\xe4\xb9\x8b\xe5\xa4\x84\0"
    "\xe4\xb9\x8b\xe5\x86\x85\0"
    "\xe4\xb9\x8b\xe4\xb8\x8a\0"
    "\xe4\xb9\x8b\xe8\xb7\xaf\0"
    "\xe4\xb9\x8b\xe6\x97\xb6\0"
    "\xe4\xb9\x8b\xe9\x99\x85\0"
    "\xe4\xb9\x8d\xe6\x9a\x96\xe8\xbf\x98\xe5\xaf\x92\0"
    "\xe4\xb9\x90\xe8\xb6\xa3\0"
    "\xe4\xb9\x90\xe8\xa7\x82\0"
    "\xe4\xb9\x90\xe5\x96\x84\xe5\xa5\xbd\xe6\x96\xbd\0"
    "\xe4\xb9\x90\xe9\x98\x9f\0"
    "\xe4\xb9\x96\xe4\xb9\x96\0"
    "\xe4\xb9\x98\xe9\xa3\x8e\xe7\xa0\xb4\xe6\xb5\xaa\0"
    "\xe4\xb9\x98\xe8\x83\x9c\xe8\xbf\xbd\xe5\x87\xbb\0"
    "\xe4\xb9\x98\xe5\xae\xa2\0"
    "\xe4\xb9\x9f\xe6\x98\xaf\0"
    "\xe4\xb9\x9f\xe8\xae\xb8\0"
    "\xe4\xb9\x9f\xe6\x9c\x89\0"
    "\xe4\xb9\x9f\xe4\xb8\x8d\0"
    "\xe4\xb9\x9f\xe5\xb0\xb1\0"
    "\xe4\xb9\x9f\xe4\xbc\x9a\0"
    "\xe4\xb9\x9f\xe8\xa6\x81\0"
    "\xe4\xb9\x9f\xe6\xb2\xa1\0"
    "\xe4\xb9\x9f\xe8\x83\xbd\0"
    "\xe4\xb9\x9f\xe5\x9c\xa8\0"
    "\xe4\xb9\x9f\xe5\xa5\xbd\0"
    "\xe4\xb9\x9f\xe5\xbe\x88\0"
    "\xe4\xb9\x9f\xe4\xb8\x8d\xe7\x9f\xa5\xe9\x81\x93\0"
    "\xe4\xb9\x9f\xe8\xa1\x8c\0"
    "\xe4\xb9\x9f\xe5\xb0\x86\0"
    "\xe4\xb9\x9f\xe5\x8f\xaf\0"
    "\xe4\xb9\xa0\xe6\x83\xaf\0"
    "\xe4\xb9\xa1\xe9\x95\x87\0"
    "\xe4\xb9\xa6\xe8\xae\xb0\0"
    "\xe4\xb9\xa6\xe7\xb1\x8d\0"
    "\xe4\xb9\xb0\xe4\xba\x86\0"
    "\xe4\xb9\xb0\xe7\x9a\x84\0"
    "\xe4\xb9\xb0\xe4\xb8\xaa\0"
    "\xe4\xb9\xb0\xe5\x8d\x96\0"
    "\xe4\xb9\xb0\xe5\x85\xa5\0"
    "\xe4\xb9\xb0\xe6\x88\xbf\0"
    "\xe4\xb9\xb0\xe5\xae\xb6\0"
    "\xe4\xb9\xb0\xe5\x88\xb0\0"
    "\xe4\xba\x86\xe8\xa7\xa3\0"
    "\xe4\xba\x86\xe5\x90\x97\0"
    "\xe4\xba\x86\xe4\xb8\x80\0"
    "\xe4\xba\x88\xe4\xbb\xa5\0"
    "\xe4\xba\x89\xe5\x88\x86\xe5\xa4\xba\xe7\xa7\x92\0"
    "\xe4\xba\x89\xe5\x8f\x96\0"
    "\xe4\xba\x89\xe8\xae\xae\0"
    "\xe4\xba\x89\xe5\xa5\x87\xe6\x96\x97\xe8\x89\xb3\0"
    "\xe4\xba\x89\xe8\xae\xba\0"
    "\xe4\xba\x8b\xe6\x83\x85\0"
    "\xe4\xba\x8b\xe4\xbb\xb6\0"
    "\xe4\xba\x8b\xe5\xae\x9e\0"
    "\xe4\xba\x8b\xe4\xb8\x9a\0"
    "\xe4\xba\x8b\xe6\x95\x85\0"
    "\xe4\xba\x8b\xe7\x89\xa9\0"
    "\xe4\xba\x8b\xe5\x8a\xa1\0"
    "\xe4\xba\x8b\xe6\x97\xa0\xe5\xb7\xa8\xe7\xbb\x86\0"
    "\xe4\xba\x8b\xe9\xa1\xb9\0"
    "\xe4\xba\x8b\xe5\x87\xba\xe6\x9c\x89\xe5\x9b\xa0\0"
    "\xe4\xba\x8b\xe5\x85\x88\0"
    "\xe4\xba\x8b\xe5\x84\xbf\0"
    "\xe4\xba\x8b\xe5\xae\x9c\0"
    "\xe4\xba\x8c\xe6\x98\xaf\0"
    "\xe4\xba\x8c\xe5\x8d\x81\0"
    "\xe4\xba\x8c\xe4\xba\xba\0"
    "\xe4\xba\x8c\xe6\x89\x8b\0"
    "\xe4\xba\x8c\xe7\xba\xa7\0"
    "\xe4\xba\x8e\xe6\x98\xaf\0"
    "\xe4\xba\x8e\xe4\xba\x8b\xe6\x97\xa0\xe8\xa1\xa5\0"
    "\xe4\xba\x8f\xe6\x8d\x9f\0"
    "\xe4\xba\x91\xe5\x8d\x97\0"
    "\xe4\xba\x92\xe8\x81\x94\xe7\xbd\x91\0"
    "\xe4\xba\x92\xe7\x9b\xb8\0"
    "\xe4\xba\x92\xe5\x8a\xa8\0"
    "\xe4\xba\x92\xe9\x80\x9a\xe6\x9c\x89\xe6\x97\xa0\0"
    "\xe4\xba\x94\xe4\xb8\x80\0"
    "\xe4\xba\x94\xe5\xb9\xb4\0"
    "\xe4\xba\x94\xe4\xb8\xaa\0"
    "\xe4\xba\x95\xe7\x84\xb6\xe6\x9c\x89\xe5\xba\x8f\0"
    "\xe4\xba\x9a\xe6\xb4\xb2\0"
    "\xe4\xba\x9b\xe4\xbb\x80\xe4\xb9\x88\0"
    "\xe4\xba\xa1\xe7\xbe\x8a\xe8\xa1\xa5\xe7\x89\xa2\0"
    "\xe4\xba\xa4\xe6\xb5\x81\0"
    "\xe4\xba\xa4\xe6\x98\x93\0"
    "\xe4\xba\xa4\xe9\x80\x9a\0"
    "\xe4\xba\xa4\xe7\x9b\xb8\xe8\xbe\x89\xe6\x98\xa0\0"
    "\xe4\xba\xa4\xe7\xbb\x99\0"
    "\xe4\xba\xa4\xe6\x8d\xa2\0"
    "\xe4\xba\xa4\xe5\x8f\xa3\xe7\xa7\xb0\xe8\xb5\x9e\0"
    "\xe4\xba\xa4\xe5\xbe\x80\0"
    "\xe4\xba\xa4\xe6\xb5\x81\xe5\xb9\xb3\xe5\x8f\xb0\0"
    "\xe4\xba\xa7\xe5\x93\x81\0"
    "\xe4\xba\xa7\xe7\x94\x9f\0"
    "\xe4\xba\xa7\xe4\xb8\x9a\0"
    "\xe4\xba\xa7\xe9\x87\x8f\0"
    "\xe4\xba\xab\xe5\x8f\x97\0"
    "\xe4\xba\xae\xe7\x9b\xb8\0"
    "\xe4\xba\xae\xe7\x82\xb9\0"
    "\xe4\xba\xb2\xe8\x87\xaa\0"
    "\xe4\xba\xb2\xe7\x88\xb1\0"
    "\xe4\xba\xb2\xe6\x88\x9a\0"
    "\xe4\xba\xb2\xe4\xba\xb2\0"
    "\xe4\xba\xb2\xe4\xba\xba\0"
    "\xe4\xba\xb2\xe5\x88\x87\0"
    "\xe4\xba\xba\xe5\xae\xb6\0"
    "\xe4\xba\xba\xe5\x91\x98\0"
    "\xe4\xba\xba\xe4\xbb\xac\0"
    "\xe4\xba\xba\xe7\x94\x9f\0"
    "\xe4\xba\xba\xe6\xb0\x91\0"
    "\xe4\xba\xba\xe7\xb1\xbb\0"
    "\xe4\xba\xba\xe7\x89\xa9\0"
    "\xe4\xba\xba\xe7\x9a\x84\0"
    "\xe4\xba\xba\xe6\x89\x8d\0"
    "\xe4\xba\xba\xe5\xa3\xab\0"
    "\xe4\xba\xba\xe6\xb0\x91\xe5\xb8\x81\0"
    "\xe4\xba\xba\xe5\x8f\xa3\0"
    "\xe4\xba\xba\xe4\xbd\x93\0"
    "\xe4\xba\xba\xe6\x95\xb0\0"
    "\xe4\xba\xba\xe7\xbe\xa4\0"
    "\xe4\xba\xba\xe5\x8e\xbb\xe6\xa5\xbc\xe7\xa9\xba\0"
    "\xe4\xba\xbf\xe5\x85\x83\0"
    "\xe4\xbb\x80\xe4\xb9\x88\0"
    "\xe4\xbb\x80\xe4\xb9\x88\xe6\x97\xb6\xe5\x80\x99\0"
    "\xe4\xbb\x80\xe4\xb9\x88\xe6\xa0\xb7\0"
    "\xe4\xbb\x80\xe4\xb9\x88\xe6\x84\x8f\xe6\x80\x9d\0"
    "\xe4\xbb\x80\xe4\xb9\x88\xe5\x91\xa2\0"
    "\xe4\xbb\x81\xe4\xba\xba\xe5\xbf\x97\xe5\xa3\xab\0"
    "\xe4\xbb\x85\xe4\xbb\x85\0"
    "\xe4\xbb\x8a\xe5\xa4\xa9\0"
    "\xe4\xbb\x8a\xe5\xb9\xb4\0"
    "\xe4\xbb\x8a\xe6\x97\xa5\0"
    "\xe4\xbb\x8a\xe6\x99\x9a\0"
    "\xe4\xbb\x8a\xe5\x90\x8e\0"
    "\xe4\xbb\x8a\xe9\x9d\x9e\xe6\x98\x94\xe6\xaf\x94\0"
    "\xe4\xbb\x8b\xe7\xbb\x8d\0"
    "\xe4\xbb\x8b\xe5\x85\xa5\0"
    "\xe4\xbb\x8d\xe7\x84\xb6\0"
    "\xe4\xbb\x8e\xe6\x9d\xa5\0"
    "\xe4\xbb\x8e\xe8\x80\x8c\0"
    "\xe4\xbb\x8e\xe4\xba\x8b\0"
    "\xe4\xbb\x8e\xe5\xb0\x8f\0"
    "\xe4\xbb\x8e\xe6\xad\xa4\0"
    "\xe4\xbb\x8e\xe6\x9d\xa5\xe6\xb2\xa1\xe6\x9c\x89\0"
    "\xe4\xbb\x8e\xe6\x9c\xaa\0"
    "\xe4\xbb\x8e\xe5\xae\xb9\xe5\xba\x94\xe5\xaf\xb9\0"
    "\xe4\xbb\x93\xe5\xba\x93\0"
    "\xe4\xbb\x94\xe7\xbb\x86\0"
    "\xe4\xbb\x96\xe4\xbb\xac\0"
    "\xe4\xbb\x96\xe7\x9a\x84\0"
    "\xe4\xbb\x96\xe8\xaf\xb4\0"
    "\xe4\xbb\x96\xe6\x98\xaf\0"
    "\xe4\xbb\x96\xe5\x9c\xa8\0"
    "\xe4\xbb\x96\xe4\xba\xba\0"
    "\xe4\xbb\x96\xe5\xb1\xb1\xe4\xb9\x8b\xe7\x9f\xb3\0"
    "\xe4\xbb\x96\xe5\xb0\xb1\0"
    "\xe4\xbb\x96\xe5\xa6\x88\0"
    "\xe4\xbb\x96\xe4\xb9\x9f\0"
    "\xe4\xbb\x96\xe5\xaf\xb9\0"
    "\xe4\xbb\x96\xe4\xbc\x9a\0"
    "\xe4\xbb\x98\xe6\xac\xbe\0"
    "\xe4\xbb\x98\xe5\x87\xba\0"
    "\xe4\xbb\x98\xe4\xb9\x8b\xe4\xb8\x80\xe7\x82\xac\0"
    "\xe4\xbb\xa3\xe8\xa1\xa8\0"
    "\xe4\xbb\xa3\xe7\xa0\x81\0"
    "\xe4\xbb\xa3\xe7\x90\x86\0"
    "\xe4\xbb\xa3\xe4\xbb\xa3\xe7\x9b\xb8\xe4\xbc\xa0\0"
    "\xe4\xbb\xa3\xe4\xbb\xb7\0"
    "\xe4\xbb\xa3\xe6\x9b\xbf\0"
    "\xe4\xbb\xa4\xe4\xba\xba\0"
    "\xe4\xbb\xa4\xe4\xba\xba\xe5\x92\x8b\xe8\x88\x8c\0"
    "\xe4\xbb\xa4\xe8\xa1\x8c\xe7\xa6\x81\xe6\xad\xa2\0"
    "\xe4\xbb\xa5\xe5\x90\x8e\0"
    "\xe4\xbb\xa5\xe5\x89\x8d\0"
    "\xe4\xbb\xa5\xe5\x8f\x8a\0"
    "\xe4\xbb\xa5\xe4\xb8\x8a\0"
    "\xe4\xbb\xa5\xe4\xb8\xba\0"
    "\xe4\xbb\xa5\xe4\xb8\x8b\0"
    "\xe4\xbb\xa5\xe6\x9d\x83\xe8\xb0\x8b\xe7\xa7\x81\0"
    "\xe4\xbb\xa5\xe6\x9d\xa5\0"
    "\xe4\xbb\xa5\xe7\x82\xb9\xe5\xb8\xa6\xe9\x9d\xa2\0"
    "\xe4\xbb\xa5\xe5\xa4\x96\0"
    "\xe4\xbb\xa5\xe5\xbe\x80\0"
    "\xe4\xbb\xa5\xe8\xba\xab\xe8\xaf\x95\xe6\xb3\x95\0"
    "\xe4\xbb\xa5\xe5\x81\x87\xe4\xb9\xb1\xe7\x9c\x9f\0"
    "\xe4\xbb\xa5\xe4\xbe\xbf\0"
    "\xe4\xbb\xa5\xe9\x98\xb2\xe4\xb8\x87\xe4\xb8\x80\0"
    "\xe4\xbb\xa5\xe6\xad\xa4\0"
    "\xe4\xbb\xaa\xe5\xbc\x8f\0"
    "\xe4\xbb\xac\xe7\x9a\x84\0"
    "\xe4\xbb\xb7\xe6\xa0\xbc\0"
    "\xe4\xbb\xb7\xe5\x80\xbc\0"
    "\xe4\xbb\xb7\xe9\x92\xb1\0"
    "\xe4\xbb\xb7\xe4\xbd\x8d\0"
    "\xe4\xbb\xbb\xe5\x8a\xa1\0"
    "\xe4\xbb\xbb\xe4\xbd\x95\0"
    "\xe4\xbb\xbb\xe5\x8a\xb3\xe4\xbb\xbb\xe6\x80\xa8\0"
    "\xe4\xbb\xbb\xe6\x84\x8f\0"
    "\xe4\xbb\xbb\xe4\xbd\x95\xe4\xba\xba\0"
    "\xe4\xbb\xbd\xe9\xa2\x9d\0"
    "\xe4\xbb\xbf\xe4\xbd\x9b\0"
    "\xe4\xbc\x81\xe4\xb8\x9a\0"
    "\xe4\xbc\x8a\xe6\x8b\x89\xe5\x85\x8b\0"
    "\xe4\xbc\x8a\xe6\x9c\x97\0"
    "\xe4\xbc\x91\xe6\x81\xaf\0"
    "\xe4\xbc\x91\xe9\x97\xb2\0"
    "\xe4\xbc\x91\xe6\x88\x9a\xe4\xb8\x8e\xe5\x85\xb1\0"
    "\xe4\xbc\x91\xe5\x85\xbb\xe7\x94\x9f\xe6\x81\xaf\0"
    "\xe4\xbc\x97\xe5\xa4\x9a\0"
    "\xe4\xbc\x97\xe7\x9f\xa2\xe4\xb9\x8b\xe7\x9a\x84\0"
    "\xe4\xbc\x97\xe7\x9b\xae\xe7\x9d\xbd\xe7\x9d\xbd\0"
    "\xe4\xbc\x97\xe4\xba\xba\0"
    "\xe4\xbc\x97\xe6\x9c\x9b\xe6\x89\x80\xe5\xbd\x92\0"
    "\xe4\xbc\x98\xe5\x8a\xbf\0"
    "\xe4\xbc\x98\xe7\xa7\x80\0"
    "\xe4\xbc\x98\xe5\x8c\x96\0"
    "\xe4\xbc\x98\xe6\x83\xa0\0"
    "\xe4\xbc\x98\xe8\xb4\xa8\0"
    "\xe4\xbc\x98\xe7\x82\xb9\0"
    "\xe4\xbc\x98\xe5\x85\x88\0"
    "\xe4\xbc\x99\xe4\xbc\xb4\0"
    "\xe4\xbc\x9a\xe8\xae\xae\0"
    "\xe4\xbc\x9a\xe6\x9c\x89\0"
    "\xe4\xbc\x9a\xe5\x91\x98\0"
    "\xe4\xbc\x9a\xe4\xb8\x8d\xe4\xbc\x9a\0"
    "\xe4\xbc\x9a\xe5\x9c\xa8\0"
    "\xe4\xbc\x9a\xe8\xae\xa1\0"
    "\xe4\xbc\x9a\xe8\xa2\xab\0"
    "\xe4\xbc\x9a\xe8\xae\xa9\0"
    "\xe4\xbc\x9a\xe9\x95\xbf\0"
    "\xe4\xbc\x9f\xe5\xa4\xa7\0"
    "\xe4\xbc\xa0\xe7\xbb\x9f\0"
    "\xe4\xbc\xa0\xe6\x92\xad\0"
    "\xe4\xbc\xa0\xe8\xaf\xb4\0"
    "\xe4\xbc\xa0\xe9\x80\x92\0"
    "\xe4\xbc\xa0\xe8\xbe\x93\0"
    "\xe4\xbc\xa0\xe7\x9c\x9f\0"
    "\xe4\xbc\xa0\xe5\xa5\x87\0"
    "\xe4\xbc\xa0\xe6\x9d\xa5\0"
    "\xe4\xbc\xa0\xe5\xaa\x92\0"
    "\xe4\xbc\xa0\xe9\x80\x81\0"
    "\xe4\xbc\xa0\xe4\xb8\xba\xe4\xbd\xb3\xe8\xaf\x9d\0"
    "\xe4\xbc\xa4\xe5\xae\xb3\0"
    "\xe4\xbc\xa4\xe5\xbf\x83\0"
    "\xe4\xbc\xa6\xe6\x95\xa6\0"
    "\xe4\xbc\xb0\xe8\xae\xa1\0"
    "\xe4\xbc\xb4\xe9\x9a\x8f\0"
    "\xe4\xbc\xbc\xe4\xb9\x8e\0"
    "\xe4\xbc\xbc\xe7\x9a\x84\0"
    "\xe4\xbd\x86\xe6\x98\xaf\0"
    "\xe4\xbd\x86\xe6\x88\x91\0"
    "\xe4\xbd\x86\xe5\x9c\xa8\0"
    "\xe4\xbd\x86\xe4\xbb\x96\0"
    "\xe4\xbd\x86\xe4\xb9\x9f\0"
    "\xe4\xbd\x86\xe5\x8d\xb4\0"
    "\xe4\xbd\x86\xe7\x94\xb1\xe4\xba\x8e\0"
    "\xe4\xbd\x86\xe8\xbf\x99\0"
    "\xe4\xbd\x8d\xe7\xbd\xae\0"
    "\xe4\xbd\x8d\xe4\xba\x8e\0"
    "\xe4\xbd\x8e\xe4\xba\x8e\0"
    "\xe4\xbd\x8e\xe8\xb0\x83\0"
    "\xe4\xbd\x8e\xe4\xbb\xb7\0"
    "\xe4\xbd\x8f\xe6\x88\xbf\0"
    "\xe4\xbd\x8f\xe5\x9c\xa8\0"
    "\xe4\xbd\x8f\xe5\xae\x85\0"
    "\xe4\xbd\x93\xe7\x8e\xb0\0"
    "\xe4\xbd\x93\xe7\xb3\xbb\0"
    "\xe4\xbd\x93\xe9\xaa\x8c\0"
    "\xe4\xbd\x93\xe4\xbc\x9a\0"
    "\xe4\xbd\x93\xe8\x82\xb2\0"
    "\xe4\xbd\x93\xe5\x88\xb6\0"
    "\xe4\xbd\x93\xe5\x86\x85\0"
    "\xe4\xbd\x93\xe9\x87\x8d\0"
    "\xe4\xbd\x93\xe5\x8a\x9b\0"
    "\xe4\xbd\x93\xe6\xa3\x80\0"
    "\xe4\xbd\x95\xe6\x97\xb6\0"
    "\xe4\xbd\x95\xe5\xbf\x85\0"
    "\xe4\xbd\x95\xe5\x86\xb5\0"
    "\xe4\xbd\x99\xe6\xb3\xa2\xe6\x9c\xaa\xe5\xb9\xb3\0"
    "\xe4\xbd\x9c\xe4\xb8\xba\0"
    "\xe4\xbd\x9c\xe7\x94\xa8\0"
    "\xe4\xbd\x9c\xe5\x93\x81\0"
    "\xe4\xbd\x9c\xe8\x80\x85\0"
    "\xe4\xbd\x9c\xe5\x87\xba\0"
    "\xe4\xbd\x9c\xe4\xb8\x9a\0"
    "\xe4\xbd\x9c\xe5\xae\xb6\0"
    "\xe4\xbd\x9c\xe6\x88\x98\0"
    "\xe4\xbd\x9c\xe4\xba\x86\0"
    "\xe4\xbd\xa0\xe4\xbb\xac\0"
    "\xe4\xbd\xa0\xe7\x9a\x84\0"
    "\xe4\xbd\xa0\xe5\xa5\xbd\0"
    "\xe4\xbd\xa0\xe6\x98\xaf\0"
    "\xe4\xbd\xa0\xe8\xa6\x81\0"
    "\xe4\xbd\xa0\xe8\xaf\xb4\0"
    "\xe4\xbd\xa0\xe5\xb0\xb1\0"
    "\xe4\xbd\xa0\xe5\x9c\xa8\0"
    "\xe4\xbd\xa0\xe4\xb9\x9f\0"
    "\xe4\xbd\xa0\xe4\xbc\x9a\0"
    "\xe4\xbd\xa0\xe6\x9c\x89\0"
    "\xe4\xbd\xa0\xe4\xb8\x8d\0"
    "\xe4\xbd\xa0\xe7\x9c\x8b\0"
    "\xe4\xbd\xa0\xe8\xbf\x98\0"
    "\xe4\xbd\xa0\xe8\x83\xbd\0"
    "\xe4\xbd\xa0\xe4\xb8\x8d\xe6\x98\xaf\0"
    "\xe4\xbd\xa9\xe6\x9c\x8d\0"
    "\xe4\xbd\xbf\xe7\x94\xa8\0"
    "\xe4\xbd\xbf\xe5\xbe\x97\0"
    "\xe4\xbd\xbf\xe5\x85\xb6\0"
    "\xe4\xbe\x8b\xe5\xa6\x82\0"
    "\xe4\xbe\x8b\xe5\xad\x90\0"
    "\xe4\xbe\x9b\xe5\xba\x94\0"
    "\xe4\xbe\x9b\xe5\xba\x94\xe5\x95\x86\0"
    "\xe4\xbe\x9b\xe8\xbf\x87\xe4\xba\x8e\xe6\xb1\x82\0"
    "\xe4\xbe\x9d\xe7\x84\xb6\0"
    "\xe4\xbe\x9d\xe6\x8d\xae\0"
    "\xe4\xbe\x9d\xe6\xb3\x95\0"
    "\xe4\xbe\x9d\xe9\x9d\xa0\0"
    "\xe4\xbe\x9d\xe6\x97\xa7\0"
    "\xe4\xbe\x9d\xe8\xb5\x96\0"
    "\xe4\xbe\x9d\xe5\xb1\xb1\xe5\x82\x8d\xe6\xb0\xb4\0"
    "\xe4\xbe\xb5\xe7\x8a\xaf\0"
    "\xe4\xbe\xbf\xe5\xae\x9c\0"
    "\xe4\xbe\xbf\xe6\x98\xaf\0"
    "\xe4\xbe\xbf\xe4\xba\x8e\0"
    "\xe4\xbf\x83\xe8\xbf\x9b\0"
    "\xe4\xbf\x83\xe9\x94\x80\0"
    "\xe4\xbf\x84\xe7\xbd\x97\xe6\x96\xaf\0"
    "\xe4\xbf\x9d\xe8\xaf\x81\0"
    "\xe4\xbf\x9d\xe6\x8c\x81\0"
    "\xe4\xbf\x9d\xe6\x8a\xa4\0"
    "\xe4\xbf\x9d\xe9\x9a\x9c\0"
    "\xe4\xbf\x9d\xe5\xad\x98\0"
    "\xe4\xbf\x9d\xe9\x99\xa9\0"
    "\xe4\xbf\x9d\xe7\x95\x99\0"
    "\xe4\xbf\x9d\xe5\xae\xb6\xe5\x8d\xab\xe5\x9b\xbd\0"
    "\xe4\xbf\x9d\xe5\xae\x89\0"
    "\xe4\xbf\x9d\xe5\xaf\x86\0"
    "\xe4\xbf\x9d\xe5\xae\x88\0"
    "\xe4\xbf\x9d\xe5\x85\xbb\0"
    "\xe4\xbf\xa1\xe6\x81\xaf\0"
    "\xe4\xbf\xa1\xe4\xbb\xa5\xe4\xb8\xba\xe7\x9c\x9f\0"
    "\xe4\xbf\xa1\xe5\x8f\xb7\0"
    "\xe4\xbf\xa1\xe5\xbf\x83\0"
    "\xe4\xbf\xa1\xe4\xbb\xbb\0"
    "\xe4\xbf\xa1\xe7\x94\xa8\xe5\x8d\xa1\0"
    "\xe4\xbf\xa1\xe6\x81\xaf\xe5\x8c\x96\0"
    "\xe4\xbf\xa1\xe7\x94\xa8\0"
    "\xe4\xbf\xa1\xe4\xbb\xb0\0"
    "\xe4\xbf\xa1\xe6\x89\x8b\xe6\x8b\x88\xe6\x9d\xa5\0"
    "\xe4\xbf\xae\xe6\x94\xb9\0"
    "\xe4\xbf\xae\xe5\xa4\x8d\0"
    "\xe4\xbf\xae\xe6\xad\xa3\0"
    "\xe4\xbf\xb1\xe4\xb9\x90\xe9\x83\xa8\0"
    "\xe5\x80\x92\xe6\x98\xaf\0"
    "\xe5\x80\x92\xe9\x9c\x89\0"
    "\xe5\x80\x9f\xe5\x8f\xa3\0"
    "\xe5\x80\x9f\xe5\x8a\xa9\0"
    "\xe5\x80\x9f\xe9\x89\xb4\0"
    "\xe5\x80\xba\xe5\x8f\xb0\xe9\xab\x98\xe7\xad\x91\0"
    "\xe5\x80\xbc\xe5\xbe\x97\0"
    "\xe5\x80\xbc\xe7\x8f\xad\0"
    "\xe5\x80\xbe\xe5\x90\x91\0"
    "\xe5\x81\x83\xe6\x97\x97\xe6\x81\xaf\xe9\xbc\x93\0"
    "\xe5\x81\x87\xe5\xa6\x82\0"
    "\xe5\x81\x87\xe6\x9c\x9f\0"
    "\xe5\x81\x87\xe8\xae\xbe\0"
    "\xe5\x81\x9a\xe5\xa5\xbd\0"
    "\xe5\x81\x9a\xe4\xba\x86\0"
    "\xe5\x81\x9a\xe5\x88\xb0\0"
    "\xe5\x81\x9a\xe5\x87\xba\0"
    "\xe5\x81\x9a\xe7\x9a\x84\0"
    "\xe5\x81\x9a\xe6\xb3\x95\0"
    "\xe5\x81\x9a\xe4\xbb\x80\xe4\xb9\x88\0"
    "\xe5\x81\x9a\xe8\xbf\x87\0"
    "\xe5\x81\x9a\xe4\xb8\xaa\0"
    "\xe5\x81\x9a\xe4\xba\x8b\0"
    "\xe5\x81\x9a\xe9\xa5\xad\0"
    "\xe5\x81\x9a\xe5\xbe\x97\0"
    "\xe5\x81\x9a\xe5\xae\x8c\0"
    "\xe5\x81\x9a\xe7\x88\xb1\0"
    "\xe5\x81\x9a\xe4\xba\xba\0"
    "\xe5\x81\x9a\xe6\x88\x90\0"
    "\xe5\x81\x9c\xe6\xad\xa2\0"
    "\xe5\x81\x9c\xe7\x95\x99\0"
    "\xe5\x81\xa5\xe5\xba\xb7\0"
    "\xe5\x81\xa5\xe5\x85\xa8\0"
    "\xe5\x81\xb6\xe5\xb0\x94\0"
    "\xe5\x81\xb6\xe5\x83\x8f\0"
    "\xe5\x81\xb6\xe7\x84\xb6\0"
    "\xe5\x81\xb7\xe5\x81\xb7\0"
    "\xe5\x81\xb7\xe6\xa2\x81\xe6\x8d\xa2\xe6\x9f\xb1\0"
    "\xe5\x82\xbb\xe9\x80\xbc\0"
    "\xe5\x82\xbb\xe7\x93\x9c\0"
    "\xe5\x83\x8f\xe6\x98\xaf\0"
    "\xe5\x83\x8f\xe7\xb4\xa0\0"
    "\xe5\x83\xa7\xe5\xa4\x9a\xe7\xb2\xa5\xe5\xb0\x91\0"
    "\xe5\x84\xbf\xe5\xad\x90\0"
    "\xe5\x84\xbf\xe7\xab\xa5\0"
    "\xe5\x85\x81\xe8\xae\xb8\0"
    "\xe5\x85\x83\xe7\xb4\xa0\0"
    "\xe5\x85\x84\xe5\xbc\x9f\0"
    "\xe5\x85\x85\xe5\x88\x86\0"
    "\xe5\x85\x85\xe6\xbb\xa1\0"
    "\xe5\x85\x85\xe6\xbb\xa1\xe7\x94\x9f\xe6\x9c\xba\0"
    "\xe5\x85\x85\xe5\x80\xbc\0"
    "\xe5\x85\x88\xe7\x94\x9f\0"
    "\xe5\x85\x88\xe5\x8f\x91\xe5\x88\xb6\xe4\xba\xba\0"
    "\xe5\x85\x88\xe8\xbf\x9b\0"
    "\xe5\x85\x88\xe5\x90\x8e\0"
    "\xe5\x85\x88\xe5\xa4\xa9\xe4\xb8\x8d\xe8\xb6\xb3\0"
    "\xe5\x85\x89\xe7\x9b\x98\0"
    "\xe5\x85\x89\xe6\x98\x8e\0"
    "\xe5\x85\x89\xe9\xa9\xb1\0"
    "\xe5\x85\x8d\xe8\xb4\xb9\0"
    "\xe5\x85\x8d\xe5\xbe\x97\0"
    "\xe5\x85\x91\xe6\x8d\xa2\0"
    "\xe5\x85\x94\xe5\xad\x90\0"
    "\xe5\x85\x9a\xe7\x9a\x84\0"
    "\xe5\x85\x9a\xe5\x91\x98\0"
    "\xe5\x85\xa5\xe4\xb8\x8d\xe6\x95\xb7\xe5\x87\xba\0"
    "\xe5\x85\xa5\xe5\x9c\x9f\xe4\xb8\xba\xe5\xae\x89\0"
    "\xe5\x85\xa5\xe4\xb9\xa1\xe9\x9a\x8f\xe4\xbf\x97\0"
    "\xe5\x85\xa8\xe9\x83\xa8\0"
    "\xe5\x85\xa8\xe5\x9b\xbd\0"
    "\xe5\x85\xa8\xe9\x9d\xa2\0"
    "\xe5\x85\xa8\xe7\x90\x83\0"
    "\xe5\x85\xa8\xe5\xb8\x82\0"
    "\xe5\x85\xa8\xe6\x96\xb0\0"
    "\xe5\x85\xa8\xe7\x9c\x81\0"
    "\xe5\x85\xa8\xe8\xba\xab\0"
    "\xe5\x85\xa8\xe4\xb8\x96\xe7\x95\x8c\0"
    "\xe5\x85\xa8\xe6\x98\xaf\0"
    "\xe5\x85\xa8\xe4\xbd\x93\0"
    "\xe5\x85\xa8\xe5\x8a\x9b\0"
    "\xe5\x85\xa8\xe5\xb9\xb4\0"
    "\xe5\x85\xa8\xe7\xa8\x8b\0"
    "\xe5\x85\xa8\xe5\xae\xb6\0"
    "\xe5\x85\xab\xe5\x8d\xa6\0"
    "\xe5\x85\xab\xe6\x96\xb9\xe6\x94\xaf\xe6\x8f\xb4\0"
    "\xe5\x85\xac\xe5\x8f\xb8\0"
    "\xe5\x85\xac\xe5\xb8\x83\0"
    "\xe5\x85\xac\xe5\xbc\x80\0"
    "\xe5\x85\xac\xe4\xb9\x8b\xe4\xba\x8e\xe4\xbc\x97\0"
    "\xe5\x85\xac\xe5\x91\x8a\0"
    "\xe5\x85\xac\xe6\xad\xa3\xe5\xbb\x89\xe6\xb4\x81\0"
    "\xe5\x85\xac\xe5\xb9\xb3\xe5\x90\x88\xe7\x90\x86\0"
    "\xe5\x85\xac\xe9\x87\x8c\0"
    "\xe5\x85\xac\xe5\xb9\xb3\0"
    "\xe5\x85\xac\xe5\x9b\xad\0"
    "\xe5\x85\xac\xe5\x8a\xa1\xe5\x91\x98\0"
    "\xe5\x85\xac\xe8\xb7\xaf\0"
    "\xe5\x85\xac\xe4\xbc\x97\0"
    "\xe5\x85\xac\xe4\xb8\xbb\0"
    "\xe5\x85\xac\xe5\x85\xb1\0"
    "\xe5\x85\xac\xe6\xb0\x91\0"
    "\xe5\x85\xb1\xe5\x90\x8c\0"
    "\xe5\x85\xb1\xe4\xba\xab\0"
    "\xe5\x85\xb1\xe6\x9c\x89\0"
    "\xe5\x85\xb1\xe4\xba\xa7\xe5\x85\x9a\0"
    "\xe5\x85\xb3\xe7\xb3\xbb\0"
    "\xe5\x85\xb3\xe4\xba\x8e\0"
    "\xe5\x85\xb3\xe6\xb3\xa8\0"
    "\xe5\x85\xb3\xe9\x94\xae\0"
    "\xe5\x85\xb3\xe5\xbf\x83\0"
    "\xe5\x85\xb3\xe9\x97\xad\0"
    "\xe5\x85\xb3\xe6\x9c\xba\0"
    "\xe5\x85\xb3\xe8\x81\x94\0"
    "\xe5\x85\xb3\xe9\x94\xae\xe8\xaf\x8d\0"
    "\xe5\x85\xb4\xe8\xb6\xa3\0"
    "\xe5\x85\xb4\xe5\xa5\x8b\0"
    "\xe5\x85\xb4\xe6\x97\xba\xe5\x8f\x91\xe8\xbe\xbe\0"
    "\xe5\x85\xb4\xe9\xa3\x8e\xe4\xbd\x9c\xe6\xb5\xaa\0"
    "\xe5\x85\xb6\xe5\xae\x9e\0"
    "\xe5\x85\xb6\xe4\xbb\x96\0"
    "\xe5\x85\xb6\xe4\xb8\xad\0"
    "\xe5\x85\xb6\xe5\xae\x83\0"
    "\xe5\x85\xb6\xe4\xbd\x99\0"
    "\xe5\x85\xb6\xe4\xbb\x96\xe4\xba\xba\0"
    "\xe5\x85\xb6\xe6\xac\xa1\0"
    "\xe5\x85\xb6\xe4\xbb\x96\xe5\x9c\xb0\xe6\x96\xb9\0"
    "\xe5\x85\xb7\xe6\x9c\x89\0"
    "\xe5\x85\xb7\xe4\xbd\x93\0"
    "\xe5\x85\xb7\xe5\xa4\x87\0"
    "\xe5\x85\xb8\xe5\x9e\x8b\0"
    "\xe5\x85\xbc\xe8\x81\x8c\0"
    "\xe5\x86\x85\xe5\xae\xb9\0"
    "\xe5\x86\x85\xe9\x83\xa8\0"
    "\xe5\x86\x85\xe5\xad\x98\0"
    "\xe5\x86\x85\xe5\xbf\x83\0"
    "\xe5\x86\x85\xe5\x9c\xb0\0"
    "\xe5\x86\x85\xe6\xb6\xb5\0"
    "\xe5\x86\x85\xe5\xbf\xa7\xe5\xa4\x96\xe6\x82\xa3\0"
    "\xe5\x86\x8d\xe6\xac\xa1\0"
    "\xe5\x86\x8d\xe8\xaf\xb4\0"
    "\xe5\x86\x8d\xe8\xa7\x81\0"
    "\xe5\x86\x8d\xe4\xb9\x9f\0"
    "\xe5\x86\x8d\xe6\x9d\xa5\0"
    "\xe5\x86\x8d\xe5\x8f\x91\0"
    "\xe5\x86\x8d\xe5\x8e\xbb\0"
    "\xe5\x86\x8d\xe5\xba\xa6\0"
    "\xe5\x86\x8d\xe5\x8a\xa0\0"
    "\xe5\x86\x92\xe5\x90\x8d\xe9\xa1\xb6\xe6\x9b\xbf\0"
    "\xe5\x86\x99\xe7\x9a\x84\0"
    "\xe5\x86\x99\xe4\xba\x86\0"
    "\xe5\x86\x99\xe4\xbd\x9c\0"
    "\xe5\x86\x9b\xe4\xba\x8b\0"
    "\xe5\x86\x9b\xe9\x98\x9f\0"
    "\xe5\x86\x9c\xe6\xb0\x91\0"
    "\xe5\x86\x9c\xe6\x9d\x91\0"
    "\xe5\x86\x9c\xe4\xb8\x9a\0"
    "\xe5\x86\x9c\xe6\xb0\x91\xe5\xb7\xa5\0"
    "\xe5\x86\x9c\xe4\xba\xa7\xe5\x93\x81\0"
    "\xe5\x86\xa0\xe5\x86\x9b\0"
    "\xe5\x86\xac\xe5\xa4\xa9\0"
    "\xe5\x86\xac\xe5\xad\xa3\0"
    "\xe5\x86\xb0\xe7\xae\xb1\0"
    "\xe5\x86\xb2\xe7\xaa\x81\0"
    "\xe5\x86\xb2\xe5\x8a\xa8\0"
    "\xe5\x86\xb2\xe5\x87\xbb\0"
    "\xe5\x86\xb3\xe5\xae\x9a\0"
    "\xe5\x86\xb3\xe7\xad\x96\0"
    "\xe5\x86\xb3\xe5\xbf\x83\0"
    "\xe5\x86\xb3\xe8\xb5\x9b\0"
    "\xe5\x86\xb7\xe9\x9d\x99\0"
    "\xe5\x87\x86\xe5\xa4\x87\0"
    "\xe5\x87\x86\xe7\xa1\xae\0"
    "\xe5\x87\x8c\xe6\x99\xa8\0"
    "\xe5\x87\x8f\xe5\xb0\x91\0"
    "\xe5\x87\x8f\xe8\x82\xa5\0"
    "\xe5\x87\x8f\xe8\xbd\xbb\0"
    "\xe5\x87\xa0\xe4\xb8\xaa\0"
    "\xe5\x87\xa0\xe4\xb9\x8e\0"
    "\xe5\x87\xa0\xe5\xa4\xa9\0"
    "\xe5\x87\xa0\xe7\x82\xb9\0"
    "\xe5\x87\xa0\xe5\xb9\xb4\0"
    "\xe5\x87\xa0\xe6\xac\xa1\0"
    "\xe5\x87\xa0\xe5\x8d\x81\0"
    "\xe5\x87\xa0\xe5\xbc\xa0\0"
    "\xe5\x87\xa0\xe4\xb8\xaa\xe6\x9c\x88\0"
    "\xe5\x87\xa0\xe7\x99\xbe\0"
    "\xe5\x87\xa0\xe4\xb8\xaa\xe4\xba\xba\0"
    "\xe5\x87\xa0\xe5\x8f\xa5\0"
    "\xe5\x87\xa0\xe7\xa7\x8d\0"
    "\xe5\x87\xa0\xe4\xbd\x8d\0"
    "\xe5\x87\xa1\xe6\x98\xaf\0"
    "\xe5\x87\xa4\xe5\x87\xb0\0"
    "\xe5\x87\xad\xe5\x80\x9f\0"
    "\xe5\x87\xba\xe6\x9d\xa5\0"
    "\xe5\x87\xba\xe7\x8e\xb0\0"
    "\xe5\x87\xba\xe5\x8e\xbb\0"
    "\xe5\x87\xba\xe5\x8f\xa3\0"
    "\xe5\x87\xba\xe4\xba\x86\0"
    "\xe5\x87\xba\xe5\x8f\x91\0"
    "\xe5\x87\xba\xe5\xb7\xae\0"
    "\xe5\x87\xba\xe5\x8f\xb0\0"
    "\xe5\x87\xba\xe7\x94\x9f\0"
    "\xe5\x87\xba\xe9\x97\xa8\0"
    "\xe5\x87\xba\xe5\x94\xae\0"
    "\xe5\x87\xba\xe7\x89\x88\0"
    "\xe5\x87\xba\xe8\x89\xb2\0"
    "\xe5\x87\xba\xe5\xb8\xad\0"
    "\xe5\x87\xba\xe5\x9b\xbd\0"
    "\xe5\x87\xba\xe4\xba\x8e\0"
    "\xe5\x87\xbd\xe6\x95\xb0\0"
    "\xe5\x88\x86\xe6\x9e\x90\0"
    "\xe5\x88\x86\xe9\x92\x9f\0"
    "\xe5\x88\x86\xe5\x88\xab\0"
    "\xe5\x88\x86\xe4\xba\xab\0"
    "\xe5\x88\x86\xe9\x85\x8d\0"
    "\xe5\x88\x86\xe7\xb1\xbb\0"
    "\xe5\x88\x86\xe9\x97\xa8\xe5\x88\xab\xe7\xb1\xbb\0"
    "\xe5\x88\x86\xe6\x89\x8b\0"
    "\xe5\x88\x86\xe5\xb8\x83\0"
    "\xe5\x88\x86\xe5\xbc\x80\0"
    "\xe5\x88\x86\xe4\xb8\xba\0"
    "\xe5\x88\x86\xe5\x85\xac\xe5\x8f\xb8\0"
    "\xe5\x88\x86\xe5\xad\x90\0"
    "\xe5\x88\x86\xe7\xa6\xbb\0"
    "\xe5\x88\x86\xe6\x95\xb0\0"
    "\xe5\x88\x86\xe5\x8c\xba\0"
    "\xe5\x88\x87\xe8\xba\xab\xe4\xbd\x93\xe4\xbc\x9a\0"
    "\xe5\x88\x87\xe5\xae\x9e\0"
    "\xe5\x88\x87\xe6\x8d\xa2\0"
    "\xe5\x88\x92\xe5\x88\x86\0"
    "\xe5\x88\x97\xe8\xa1\xa8\0"
    "\xe5\x88\x98\xe5\xbe\xb7\xe5\x8d\x8e\0"
    "\xe5\x88\x99\xe6\x98\xaf\0"
    "\xe5\x88\x9a\xe6\x89\x8d\0"
    "\xe5\x88\x9a\xe5\x88\x9a\0"
    "\xe5\x88\x9a\xe5\xa5\xbd\0"
    "\xe5\x88\x9a\xe5\xbc\x80\xe5\xa7\x8b\0"
    "\xe5\x88\x9b\xe6\x96\xb0\0"
    "\xe5\x88\x9b\xe9\x80\xa0\0"
    "\xe5\x88\x9b\xe5\xbb\xba\0"
    "\xe5\x88\x9b\xe4\xb8\x9a\0"
    "\xe5\x88\x9b\xe4\xbd\x9c\0"
    "\xe5\x88\x9b\xe6\x84\x8f\0"
    "\xe5\x88\x9d\xe6\xad\xa5\0"
    "\xe5\x88\x9d\xe4\xb8\xad\0"
    "\xe5\x88\x9d\xe6\x9c\x9f\0"
    "\xe5\x88\xa0\xe9\x99\xa4\0"
    "\xe5\x88\xa4\xe6\x96\xad\0"
    "\xe5\x88\xa9\xe7\x94\xa8\0"
    "\xe5\x88\xa9\xe7\x9b\x8a\0"
    "\xe5\x88\xa9\xe6\xb6\xa6\0"
    "\xe5\x88\xa9\xe4\xba\x8e\0"
    "\xe5\x88\xa9\xe7\x8e\x87\0"
    "\xe5\x88\xa9\xe6\x81\xaf\0"
    "\xe5\x88\xab\xe4\xba\xba\0"
    "\xe5\x88\xab\xe7\x9a\x84\0"
    "\xe5\x88\xab\xe5\xbc\x80\xe7\x94\x9f\xe9\x9d\xa2\0"
    "\xe5\x88\xab\xe5\xa2\x85\0"
    "\xe5\x88\xab\xe8\xaf\xb4\0"
    "\xe5\x88\xb0\xe4\xba\x86\0"
    "\xe5\x88\xb0\xe5\xba\x95\0"
    "\xe5\x88\xb0\xe5\xa4\x84\0"
    "\xe5\x88\xb0\xe8\xbe\xbe\0"
    "\xe5\x88\xb0\xe6\x97\xb6\0"
    "\xe5\x88\xb0\xe4\xbd\x8d\0"
    "\xe5\x88\xb0\xe6\x9d\xa5\0"
    "\xe5\x88\xb0\xe6\x9c\x9f\0"
    "\xe5\x88\xb6\xe5\xba\xa6\0"
    "\xe5\x88\xb6\xe4\xbd\x9c\0"
    "\xe5\x88\xb6\xe5\xae\x9a\0"
    "\xe5\x88\xb6\xe9\x80\xa0\0"
    "\xe5\x88\xb6\xe7\xba\xa6\0"
    "\xe5\x88\xb7\xe6\x96\xb0\0"
    "\xe5\x88\xb8\xe5\x95\x86\0"
    "\xe5\x88\xba\xe6\xbf\x80\0"
    "\xe5\x89\x8d\xe9\x9d\xa2\0"
    "\xe5\x89\x8d\xe6\x8f\x90\0"
    "\xe5\x89\x8d\xe6\x9c\x9f\0"
    "\xe5\x89\x8d\xe5\xbe\x80\0"
    "\xe5\x89\x8d\xe5\x90\x8e\0"
    "\xe5\x89\x8d\xe5\x87\xa0\xe5\xa4\xa9\0"
    "\xe5\x89\x8d\xe9\x80\x94\0"
    "\xe5\x89\x8d\xe8\xb5\xb4\xe5\x90\x8e\xe7\xbb\xa7\0"
    "\xe5\x89\x8d\xe6\x99\xaf\0"
    "\xe5\x89\x8d\xe8\xbf\x9b\0"
    "\xe5\x89\x8d\xe5\xa4\xa9\0"
    "\xe5\x89\x8d\xe6\x9d\xa5\0"
    "\xe5\x89\x8d\xe5\x8a\x9f\xe5\xb0\xbd\xe5\xbc\x83\0"
    "\xe5\x89\x8d\xe5\x8f\xb0\0"
    "\xe5\x89\x8d\xe8\x80\x85\0"
    "\xe5\x89\x8d\xe5\x9b\xa0\xe5\x90\x8e\xe6\x9e\x9c\0"
    "\xe5\x89\x91\xe6\x8b\x94\xe5\xbc\xa9\xe5\xbc\xa0\0"
    "\xe5\x89\xa7\xe6\x83\x85\0"
    "\xe5\x89\xa9\xe4\xb8\x8b\0"
    "\xe5\x89\xaf\xe6\x9c\xac\0"
    "\xe5\x8a\x9b\xe9\x87\x8f\0"
    "\xe5\x8a\x9b\xe5\xba\xa6\0"
    "\xe5\x8a\x9b\xe6\xb0\x94\0"
    "\xe5\x8a\x9e\xe6\xb3\x95\0"
    "\xe5\x8a\x9e\xe5\x85\xac\xe5\xae\xa4\0"
    "\xe5\x8a\x9e\xe7\x90\x86\0"
    "\xe5\x8a\x9e\xe5\x85\xac\0"
    "\xe5\x8a\x9e\xe4\xba\x8b\0"
    "\xe5\x8a\x9f\xe8\x83\xbd\0"
    "\xe5\x8a\x9f\xe5\xa4\xab\0"
    "\xe5\x8a\x9f\xe6\x95\x88\0"
    "\xe5\x8a\xa0\xe5\xbc\xba\0"
    "\xe5\x8a\xa0\xe5\x85\xa5\0"
    "\xe5\x8a\xa0\xe4\xb8\x8a\0"
    "\xe5\x8a\xa0\xe6\xb2\xb9\0"
    "\xe5\x8a\xa0\xe7\x8f\xad\0"
    "\xe5\x8a\xa0\xe5\xa4\xa7\0"
    "\xe5\x8a\xa0\xe5\xbf\xab\0"
    "\xe5\x8a\xa0\xe5\xb7\xa5\0"
    "\xe5\x8a\xa0\xe9\x80\x9f\0"
    "\xe5\x8a\xa0\xe6\x8b\xbf\xe5\xa4\xa7\0"
    "\xe5\x8a\xa0\xe4\xbb\xa5\0"
    "\xe5\x8a\xa0\xe7\x9b\x9f\0"
    "\xe5\x8a\xa0\xe5\xaf\x86\0"
    "\xe5\x8a\xa0\xe6\x81\xaf\0"
    "\xe5\x8a\xa8\xe4\xbd\x9c\0"
    "\xe5\x8a\xa8\xe7\x89\xa9\0"
    "\xe5\x8a\xa8\xe5\x8a\x9b\0"
    "\xe5\x8a\xa8\xe6\x80\x81\0"
    "\xe5\x8a\xa8\xe7\x94\xbb\0"
    "\xe5\x8a\xa8\xe8\x8d\xa1\xe4\xb8\x8d\xe5\xae\x89\0"
    "\xe5\x8a\xa8\xe6\xbc\xab\0"
    "\xe5\x8a\xa8\xe4\xb9\x8b\xe4\xbb\xa5\xe6\x83\x85\0"
    "\xe5\x8a\xa9\xe4\xba\xba\xe4\xb8\xba\xe4\xb9\x90\0"
    "\xe5\x8a\xa9\xe7\x90\x86\0"
    "\xe5\x8a\xaa\xe5\x8a\x9b\0"
    "\xe5\x8a\xb1\xe7\xb2\xbe\xe5\x9b\xbe\xe6\xb2\xbb\0"
    "\xe5\x8a\xb3\xe5\x8a\xa8\0"
    "\xe5\x8a\xb3\xe6\xb0\x91\xe4\xbc\xa4\xe8\xb4\xa2\0"
    "\xe5\x8a\xb3\xe5\x8a\xa8\xe8\x80\x85\0"
    "\xe5\x8a\xbf\xe4\xb8\x8d\xe5\x8f\xaf\xe6\x8c\xa1\0"
    "\xe5\x8a\xbf\xe5\x8a\x9b\0"
    "\xe5\x8a\xbf\xe5\x9d\x87\xe5\x8a\x9b\xe6\x95\x8c\0"
    "\xe5\x8b\x87\xe6\xb0\x94\0"
    "\xe5\x8b\x87\xe6\x95\xa2\0"
    "\xe5\x8b\x89\xe5\xbc\xba\0"
    "\xe5\x8b\xa4\xe5\x8b\xa4\xe6\x81\xb3\xe6\x81\xb3\0"
    "\xe5\x8c\x85\xe6\x8b\xac\0"
    "\xe5\x8c\x85\xe5\x90\xab\0"
    "\xe5\x8c\x85\xe8\xa3\x85\0"
    "\xe5\x8c\x85\xe7\xbd\x97\xe4\xb8\x87\xe8\xb1\xa1\0"
    "\xe5\x8c\x85\xe5\xad\x90\0"
    "\xe5\x8c\x96\xe5\xad\xa6\0"
    "\xe5\x8c\x96\xe6\x95\xb4\xe4\xb8\xba\xe9\x9b\xb6\0"
    "\xe5\x8c\x96\xe5\xa6\x86\xe5\x93\x81\0"
    "\xe5\x8c\x96\xe9\x99\xa9\xe4\xb8\xba\xe5\xa4\xb7\0"
    "\xe5\x8c\x97\xe4\xba\xac\0"
    "\xe5\x8c\x97\xe4\xba\xac\xe5\xb8\x82\0"
    "\xe5\x8c\x97\xe6\x96\xb9\0"
    "\xe5\x8c\x97\xe5\xa4\xa7\0"
    "\xe5\x8c\xb9\xe9\x85\x8d\0"
    "\xe5\x8c\xba\xe5\x9f\x9f\0"
    "\xe5\x8c\xba\xe5\x88\xab\0"
    "\xe5\x8c\xba\xe5\x88\x86\0"
    "\xe5\x8c\xbb\xe9\x99\xa2\0"
    "\xe5\x8c\xbb\xe7\x94\x9f\0"
    "\xe5\x8c\xbb\xe7\x96\x97\0"
    "\xe5\x8c\xbb\xe5\xad\xa6\0"
    "\xe5\x8c\xbf\xe5\x90\x8d\0"
    "\xe5\x8d\x81\xe5\x88\x86\0"
    "\xe5\x8d\x81\xe5\xb9\xb4\0"
    "\xe5\x8d\x81\xe5\x87\xa0\0"
    "\xe5\x8d\x81\xe4\xb8\x80\0"
    "\xe5\x8d\x81\xe5\xa4\xa7\0"
    "\xe5\x8d\x81\xe4\xb8\x83\xe5\xa4\xa7\0"
    "\xe5\x8d\x81\xe4\xba\x8c\0"
    "\xe5\x8d\x83\xe4\xb8\x87\0"
    "\xe5\x8d\x83\xe5\xa4\xb4\xe4\xb8\x87\xe7\xbb\xaa\0"
    "\xe5\x8d\x83\xe5\x91\xbc\xe4\xb8\x87\xe5\x94\xa4\0"
    "\xe5\x8d\x83\xe5\x86\x9b\xe4\xb8\x87\xe9\xa9\xac\0"
    "\xe5\x8d\x83\xe7\x96\xae\xe7\x99\xbe\xe5\xad\x94\0"
    "\xe5\x8d\x83\xe9\x92\xa7\xe4\xb8\x80\xe5\x8f\x91\0"
    "\xe5\x8d\x83\xe5\xa7\xbf\xe7\x99\xbe\xe6\x80\x81\0"
    "\xe5\x8d\x83\xe5\xb9\xb4\0"
    "\xe5\x8d\x87\xe7\xba\xa7\0"
    "\xe5\x8d\x87\xe5\x80\xbc\0"
    "\xe5\x8d\x8a\xe5\xb9\xb4\0"
    "\xe5\x8d\x8a\xe5\xa4\xa9\0"
    "\xe5\x8d\x8a\xe4\xbf\xa1\xe5\x8d\x8a\xe7\x96\x91\0"
    "\xe5\x8d\x8a\xe4\xb8\xaa\0"
    "\xe5\x8d\x8a\xe5\xa4\x9c\0"
    "\xe5\x8d\x8e\xe4\xb8\xba\0"
    "\xe5\x8d\x8e\xe4\xba\xba\0"
    "\xe5\x8d\x8e\xe4\xb8\xbd\0"
    "\xe5\x8d\x8e\xe7\xa1\x95\0"
    "\xe5\x8d\x8f\xe8\xae\xae\0"
    "\xe5\x8d\x8f\xe8\xb0\x83\0"
    "\xe5\x8d\x8f\xe4\xbc\x9a\0"
    "\xe5\x8d\x8f\xe5\x8a\xa9\0"
    "\xe5\x8d\x8f\xe5\x95\x86\0"
    "\xe5\x8d\x95\xe4\xbd\x8d\0"
    "\xe5\x8d\x95\xe7\x8b\xac\0"
    "\xe5\x8d\x95\xe7\xba\xaf\0"
    "\xe5\x8d\x95\xe5\x85\x83\0"
    "\xe5\x8d\x95\xe8\xba\xab\0"
    "\xe5\x8d\x95\xe5\xad\x90\0"
    "\xe5\x8d\x95\xe4\xb8\x80\0"
    "\xe5\x8d\x95\xe8\xaf\x8d\0"
    "\xe5\x8d\x96\xe5\x87\xba\0"
    "\xe5\x8d\x96\xe5\xae\xb6\0"
    "\xe5\x8d\x97\xe4\xba\xac\0"
    "\xe5\x8d\x97\xe6\x96\xb9\0"
    "\xe5\x8d\x97\xe8\xbe\x95\xe5\x8c\x97\xe8\xbe\x99\0"
    "\xe5\x8d\x9a\xe5\xae\xa2\0"
    "\xe5\x8d\x9a\xe5\xa3\xab\0"
    "\xe5\x8d\x9a\xe7\x89\xa9\xe9\xa6\x86\0"
    "\xe5\x8d\xa0\xe6\x8d\xae\0"
    "\xe5\x8d\xa0\xe7\x94\xa8\0"
    "\xe5\x8d\xa0\xe6\x9c\x89\0"
    "\xe5\x8d\xab\xe7\x94\x9f\0"
    "\xe5\x8d\xab\xe6\x98\x9f\0"
    "\xe5\x8d\xb0\xe8\xb1\xa1\0"
    "\xe5\x8d\xb0\xe5\xba\xa6\0"
    "\xe5\x8d\xb0\xe5\x88\xb7\0"
    "\xe5\x8d\xb1\xe9\x99\xa9\0"
    "\xe5\x8d\xb1\xe6\x9c\xba\0"
    "\xe5\x8d\xb1\xe5\xae\xb3\0"
    "\xe5\x8d\xb1\xe5\x9c\xa8\xe6\x97\xa6\xe5\xa4\x95\0"
    "\xe5\x8d\xb3\xe4\xbd\xbf\0"
    "\xe5\x8d\xb3\xe5\x8f\xaf\0"
    "\xe5\x8d\xb3\xe5\xb0\x86\0"
    "\xe5\x8d\xb3\xe4\xbe\xbf\0"
    "\xe5\x8d\xb4\xe6\x98\xaf\0"
    "\xe5\x8d\xb4\xe5\x8f\x88\0"
    "\xe5\x8e\x82\xe5\x95\x86\0"
    "\xe5\x8e\x82\xe5\xae\xb6\0"
    "\xe5\x8e\x86\xe5\x8f\xb2\0"
    "\xe5\x8e\x89\xe5\xae\xb3\0"
    "\xe5\x8e\x89\xe8\xa1\x8c\xe8\x8a\x82\xe7\xba\xa6\0"
    "\xe5\x8e\x8b\xe5\x8a\x9b\0"
    "\xe5\x8e\x8b\xe7\xbc\xa9\0"
    "\xe5\x8e\x95\xe6\x89\x80\0"
    "\xe5\x8e\x9a\xe7\xa7\xaf\xe8\x96\x84\xe5\x8f\x91\0"
    "\xe5\x8e\x9f\xe6\x9d\xa5\0"
    "\xe5\x8e\x9f\xe5\x9b\xa0\0"
    "\xe5\x8e\x9f\xe5\x88\x99\0"
    "\xe5\x8e\x9f\xe6\x9c\xac\0"
    "\xe5\x8e\x9f\xe7\x90\x86\0"
    "\xe5\x8e\x9f\xe5\xa7\x8b\0"
    "\xe5\x8e\x9f\xe5\x8e\x9f\xe6\x9c\xac\xe6\x9c\xac\0"
    "\xe5\x8e\x9f\xe5\x88\x9b\0"
    "\xe5\x8e\x9f\xe6\x96\x99\0"
    "\xe5\x8e\x9f\xe6\x9c\x89\0"
    "\xe5\x8e\x9f\xe8\xb0\x85\0"
    "\xe5\x8e\x9f\xe5\xb0\x81\xe4\xb8\x8d\xe5\x8a\xa8\0"
    "\xe5\x8e\x9f\xe5\x85\x88\0"
    "\xe5\x8e\xa6\xe9\x97\xa8\0"
    "\xe5\x8e\xa8\xe6\x88\xbf\0"
    "\xe5\x8e\xbb\xe5\xb9\xb4\0"
    "\xe5\x8e\xbb\xe4\xba\x86\0"
    "\xe5\x8e\xbb\xe7\x9c\x8b\0"
    "\xe5\x8e\xbb\xe8\xbf\x87\0"
    "\xe5\x8e\xbb\xe5\x90\xa7\0"
    "\xe5\x8e\xbb\xe6\x8e\x89\0"
    "\xe5\x8e\xbb\xe5\x81\x9a\0"
    "\xe5\x8e\xbb\xe6\x89\xbe\0"
    "\xe5\x8e\xbb\xe4\xb8\x96\0"
    "\xe5\x8f\x82\xe5\x8a\xa0\0"
    "\xe5\x8f\x82\xe4\xb8\x8e\0"
    "\xe5\x8f\x82\xe8\x80\x83\0"
    "\xe5\x8f\x82\xe6\x95\xb0\0"
    "\xe5\x8f\x82\xe8\xa7\x82\0"
    "\xe5\x8f\x88\xe6\x98\xaf\0"
    "\xe5\x8f\x88\xe6\x9c\x89\0"
    "\xe5\x8f\x88\xe8\xa6\x81\0"
    "\xe5\x8f\x88\xe4\xb8\x8d\xe6\x98\xaf\0"
    "\xe5\x8f\x8a\xe6\x97\xb6\0"
    "\xe5\x8f\x8a\xe5\x85\xb6\0"
    "\xe5\x8f\x8b\xe4\xba\xba\0"
    "\xe5\x8f\x8b\xe8\xb0\x8a\0"
    "\xe5\x8f\x8b\xe5\xa5\xbd\0"
    "\xe5\x8f\x8c\xe6\x96\xb9\0"
    "\xe5\x8f\x8c\xe7\xae\xa1\xe9\xbd\x90\xe4\xb8\x8b\0"
    "\xe5\x8f\x8c\xe6\x89\x8b\0"
    "\xe5\x8f\x8d\xe6\xad\xa3\0"
    "\xe5\x8f\x8d\xe6\x98\xa0\0"
    "\xe5\x8f\x8d\xe5\xba\x94\0"
    "\xe5\x8f\x8d\xe8\x80\x8c\0"
    "\xe5\x8f\x8d\xe5\xaf\xb9\0"
    "\xe5\x8f\x8d\xe5\xa4\x8d\0"
    "\xe5\x8f\x8d\xe5\xbc\xb9\0"
    "\xe5\x8f\x8d\xe6\x80\x9d\0"
    "\xe5\x8f\x91\xe5\xb1\x95\0"
    "\xe5\x8f\x91\xe7\x8e\xb0\0"
    "\xe5\x8f\x91\xe7\x94\x9f\0"
    "\xe5\x8f\x91\xe8\xa1\xa8\0"
    "\xe5\x8f\x91\xe5\xb8\x83\0"
    "\xe5\x8f\x91\xe6\x8c\xa5\0"
    "\xe5\x8f\x91\xe9\x80\x81\0"
    "\xe5\x8f\x91\xe5\x87\xba\0"
    "\xe5\x8f\x91\xe8\xa1\x8c\0"
    "\xe5\x8f\x91\xe8\xa8\x80\0"
    "\xe5\x8f\x91\xe7\xa5\xa8\0"
    "\xe5\x8f\x91\xe5\x8a\xa8\xe6\x9c\xba\0"
    "\xe5\x8f\x91\xe7\xbb\x99\0"
    "\xe5\x8f\x91\xe8\xb4\xa7\0"
    "\xe5\x8f\x91\xe5\xae\xb6\xe8\x87\xb4\xe5\xaf\x8c\0"
    "\xe5\x8f\x91\xe4\xba\xba\xe6\xb7\xb1\xe7\x9c\x81\0"
    "\xe5\x8f\x94\xe5\x8f\x94\0"
    "\xe5\x8f\x96\xe5\xbe\x97\0"
    "\xe5\x8f\x96\xe4\xbf\xa1\xe4\xba\x8e\xe6\xb0\x91\0"
    "\xe5\x8f\x96\xe6\xb6\x88\0"
    "\xe5\x8f\x96\xe9\x95\xbf\xe8\xa1\xa5\xe7\x9f\xad\0"
    "\xe5\x8f\x96\xe4\xbb\xa3\0"
    "\xe5\x8f\x97\xe5\x88\xb0\0"
    "\xe5\x8f\x97\xe4\xbc\xa4\0"
    "\xe5\x8f\x97\xe4\xb8\x8d\xe4\xba\x86\0"
    "\xe5\x8f\x97\xe7\x90\x86\0"
    "\xe5\x8f\x98\xe5\x8c\x96\0"
    "\xe5\x8f\x98\xe6\x88\x90\0"
    "\xe5\x8f\x98\xe5\xbe\x97\0"
    "\xe5\x8f\x98\xe6\x80\x81\0"
    "\xe5\x8f\x98\xe6\x9b\xb4\0"
    "\xe5\x8f\x98\xe9\x87\x8f\0"
    "\xe5\x8f\x98\xe5\xbd\xa2\0"
    "\xe5\x8f\x98\xe5\x8a\xa8\0"
    "\xe5\x8f\x98\xe5\xbd\xa2\xe9\x87\x91\xe5\x88\x9a\0"
    "\xe5\x8f\xa3\xe5\x8f\xa3\xe7\x9b\xb8\xe4\xbc\xa0\0"
    "\xe5\x8f\xa3\xe6\xb0\x94\0"
    "\xe5\x8f\xa3\xe6\xb0\xb4\0"
    "\xe5\x8f\xa4\xe8\x89\xb2\xe5\x8f\xa4\xe9\xa6\x99\0"
    "\xe5\x8f\xa4\xe4\xbb\xa3\0"
    "\xe5\x8f\xa6\xe5\xa4\x96\0"
    "\xe5\x8f\xa6\xe8\xbe\x9f\xe8\xb9\x8a\xe5\xbe\x84\0"
    "\xe5\x8f\xa6\xe4\xb8\x80\0"
    "\xe5\x8f\xa6\xe4\xb8\x80\xe6\x96\xb9\xe9\x9d\xa2\0"
    "\xe5\x8f\xa6\xe8\xb5\xb7\xe7\x82\x89\xe7\x81\xb6\0"
    "\xe5\x8f\xaa\xe6\x98\xaf\0"
    "\xe5\x8f\xaa\xe6\x9c\x89\0"
    "\xe5\x8f\xaa\xe8\xa6\x81\0"
    "\xe5\x8f\xaa\xe8\x83\xbd\0"
    "\xe5\x8f\xaa\xe5\xa5\xbd\0"
    "\xe5\x8f\xaa\xe4\xb8\x8d\xe8\xbf\x87\0"
    "\xe5\x8f\xaa\xe4\xba\x89\xe6\x9c\x9d\xe5\xa4\x95\0"
    "\xe5\x8f\xaa\xe4\xbc\x9a\0"
    "\xe5\x8f\xaa\xe9\x9c\x80\0"
    "\xe5\x8f\xaa\xe8\xa8\x80\xe7\x89\x87\xe8\xaf\xad\0"
    "\xe5\x8f\xaa\xe8\xa7\x81\0"
    "\xe5\x8f\xaa\xe5\xad\x97\xe4\xb8\x8d\xe6\x8f\x90\0"
    "\xe5\x8f\xaa\xe9\x9c\x80\xe8\xa6\x81\0"
    "\xe5\x8f\xab\xe6\x88\x91\0"
    "\xe5\x8f\xab\xe8\x8b\xa6\xe4\xb8\x8d\xe8\xbf\xad\0"
    "\xe5\x8f\xab\xe5\x81\x9a\0"
    "\xe5\x8f\xac\xe5\xbc\x80\0"
    "\xe5\x8f\xaf\xe4\xbb\xa5\0"
    "\xe5\x8f\xaf\xe8\x83\xbd\0"
    "\xe5\x8f\xaf\xe6\x98\xaf\0"
    "\xe5\x8f\xaf\xe6\x83\x9c\0"
    "\xe5\x8f\xaf\xe7\x88\xb1\0"
    "\xe5\x8f\xaf\xe4\xb9\x98\xe4\xb9\x8b\xe6\x9c\xba\0"
    "\xe5\x8f\xaf\xe6\x80\x9c\0"
    "\xe5\x8f\xaf\xe6\x80\x95\0"
    "\xe5\x8f\xaf\xe8\x83\xbd\xe6\x80\xa7\0"
    "\xe5\x8f\xaf\xe4\xbb\xa5\xe7\x94\xa8\0"
    "\xe5\x8f\xaf\xe4\xbb\xa5\xe9\x80\x9a\xe8\xbf\x87\0"
    "\xe5\x8f\xaf\xe8\xa7\x81\0"
    "\xe5\x8f\xaf\xe6\xad\x8c\xe5\x8f\xaf\xe6\xb3\xa3\0"
    "\xe5\x8f\xaf\xe9\x9d\xa0\0"
    "\xe5\x8f\xaf\xe7\x94\xa8\0"
    "\xe5\x8f\xaf\xe4\xbb\xa5\xe7\x9c\x8b\xe5\x88\xb0\0"
    "\xe5\x8f\xb0\xe6\xb9\xbe\0"
    "\xe5\x8f\xb3\xe8\xbe\xb9\0"
    "\xe5\x8f\xb3\xe9\x94\xae\0"
    "\xe5\x8f\xb6\xe5\xad\x90\0"
    "\xe5\x8f\xb7\xe7\xa0\x81\0"
    "\xe5\x8f\xb8\xe6\x9c\xba\0"
    "\xe5\x8f\xb8\xe6\xb3\x95\0"
    "\xe5\x90\x83\xe9\xa5\xad\0"
    "\xe5\x90\x83\xe4\xba\x86\0"
    "\xe5\x90\x83\xe5\xae\x8c\0"
    "\xe5\x90\x83\xe8\xbf\x87\0"
    "\xe5\x90\x84\xe7\xa7\x8d\0"
    "\xe5\x90\x84\xe4\xbd\x8d\0"
    "\xe5\x90\x84\xe4\xb8\xaa\0"
    "\xe5\x90\x84\xe7\xb1\xbb\0"
    "\xe5\x90\x84\xe6\x89\xa7\xe4\xb8\x80\xe8\xaf\x8d\0"
    "\xe5\x90\x84\xe8\x87\xaa\xe4\xb8\xba\xe6\x94\xbf\0"
    "\xe5\x90\x84\xe5\x9c\xb0\0"
    "\xe5\x90\x84\xe9\xa1\xb9\0"
    "\xe5\x90\x84\xe8\x87\xaa\0"
    "\xe5\x90\x84\xe6\x8a\x92\xe5\xb7\xb1\xe8\xa7\x81\0"
    "\xe5\x90\x84\xe7\xba\xa7\0"
    "\xe5\x90\x84\xe6\x98\xbe\xe7\xa5\x9e\xe9\x80\x9a\0"
    "\xe5\x90\x84\xe5\xa4\xa7\0"
    "\xe5\x90\x84\xe5\x8f\x96\xe6\x89\x80\xe9\x9c\x80\0"
    "\xe5\x90\x84\xe5\x9b\xbd\0"
    "\xe5\x90\x84\xe8\x87\xaa\xe4\xb8\xba\xe6\x88\x98\0"
    "\xe5\x90\x88\xe4\xbd\x9c\0"
    "\xe5\x90\x88\xe5\x90\x8c\0"
    "\xe5\x90\x88\xe7\x90\x86\0"
    "\xe5\x90\x88\xe9\x80\x82\0"
    "\xe5\x90\x88\xe6\xb3\x95\0"
    "\xe5\x90\x88\xe6\xa0\xbc\0"
    "\xe5\x90\x88\xe5\xb9\xb6\0"
    "\xe5\x90\x88\xe6\x88\x90\0"
    "\xe5\x90\x88\xe8\xae\xa1\0"
    "\xe5\x90\x88\xe8\x82\xa5\0"
    "\xe5\x90\x89\xe7\xa5\xa5\xe5\xa6\x82\xe6\x84\x8f\0"
    "\xe5\x90\x8c\xe6\x97\xb6\0"
    "\xe5\x90\x8c\xe5\xad\xa6\0"
    "\xe5\x90\x8c\xe6\xa0\xb7\0"
    "\xe5\x90\x8c\xe4\xba\x8b\0"
    "\xe5\x90\x8c\xe6\x84\x8f\0"
    "\xe5\x90\x8c\xe5\xbf\x97\0"
    "\xe5\x90\x8c\xe8\x88\x9f\xe5\x85\xb1\xe6\xb5\x8e\0"
    "\xe5\x90\x8c\xe5\xbf\x83\xe5\x90\x8c\xe5\xbe\xb7\0"
    "\xe5\x90\x8c\xe6\xad\xa5\0"
    "\xe5\x90\x8c\xe5\xbf\x83\xe5\x8d\x8f\xe5\x8a\x9b\0"
    "\xe5\x90\x8c\xe4\xb8\x80\0"
    "\xe5\x90\x8c\xe6\x83\x85\0"
    "\xe5\x90\x8c\xe7\x94\x98\xe5\x85\xb1\xe8\x8b\xa6\0"
    "\xe5\x90\x8c\xe6\x80\xa7\xe6\x81\x8b\0"
    "\xe5\x90\x8d\xe5\xad\x97\0"
    "\xe5\x90\x8d\xe4\xb8\x8d\xe8\x99\x9a\xe4\xbc\xa0\0"
    "\xe5\x90\x8d\xe7\xa7\xb0\0"
    "\xe5\x90\x8d\xe5\x8d\x95\0"
    "\xe5\x90\x8d\xe7\x9b\xae\xe7\xb9\x81\xe5\xa4\x9a\0"
    "\xe5\x90\x8d\xe5\xad\x98\xe5\xae\x9e\xe4\xba\xa1\0"
    "\xe5\x90\x8d\xe4\xb9\x89\0"
    "\xe5\x90\x8d\xe4\xba\xba\0"
    "\xe5\x90\x8d\xe7\x89\x87\0"
    "\xe5\x90\x8d\xe5\xa3\xb0\xe5\x9c\xa8\xe5\xa4\x96\0"
    "\xe5\x90\x8d\xe4\xb8\xba\0"
    "\xe5\x90\x8e\xe6\x9d\xa5\0"
    "\xe5\x90\x8e\xe9\x9d\xa2\0"
    "\xe5\x90\x8e\xe6\x9e\x9c\0"
    "\xe5\x90\x8e\xe6\x82\x94\0"
    "\xe5\x90\x8e\xe5\x8f\xb0\0"
    "\xe5\x90\x8e\xe5\xa4\xa9\0"
    "\xe5\x90\x8e\xe6\x9c\x9f\0"
    "\xe5\x90\x8e\xe8\x80\x85\0"
    "\xe5\x90\x8e\xe6\x9d\xa5\xe5\xb1\x85\xe4\xb8\x8a\0"
    "\xe5\x90\x8e\xe7\xbb\xad\0"
    "\xe5\x90\x8e\xe8\xb5\xb7\xe4\xb9\x8b\xe7\xa7\x80\0"
    "\xe5\x90\x8e\xe7\xbb\xa7\xe6\x9c\x89\xe4\xba\xba\0"
    "\xe5\x90\x91\xe4\xb8\x8a\0"
    "\xe5\x90\xa6\xe5\x88\x99\0"
    "\xe5\x90\xa6\xe8\xae\xa4\0"
    "\xe5\x90\xa6\xe5\xae\x9a\0"
    "\xe5\x90\xab\xe6\x9c\x89\0"
    "\xe5\x90\xab\xe9\x87\x8f\0"
    "\xe5\x90\xab\xe4\xb9\x89\0"
    "\xe5\x90\xab\xe8\xbe\x9b\xe8\x8c\xb9\xe8\x8b\xa6\0"
    "\xe5\x90\xac\xe8\xaf\xb4\0"
    "\xe5\x90\xac\xe5\x88\xb0\0"
    "\xe5\x90\xac\xe8\xa7\x81\0"
    "\xe5\x90\xac\xe5\x90\xac\0"
    "\xe5\x90\xac\xe8\xbf\x87\0"
    "\xe5\x90\xac\xe4\xb9\x8b\xe4\xbb\xbb\xe4\xb9\x8b\0"
    "\xe5\x90\xac\xe7\x9d\x80\0"
    "\xe5\x90\xaf\xe5\x8a\xa8\0"
    "\xe5\x90\xb5\xe6\x9e\xb6\0"
    "\xe5\x90\xb8\xe5\xbc\x95\0"
    "\xe5\x90\xb8\xe6\x94\xb6\0"
    "\xe5\x91\x88\xe7\x8e\xb0\0"
    "\xe5\x91\x8a\xe8\xaf\x89\0"
    "\xe5\x91\x8a\xe8\xaf\x89\xe8\xae\xb0\xe8\x80\x85\0"
    "\xe5\x91\x8a\xe7\x9f\xa5\0"
    "\xe5\x91\x8a\xe5\x88\xab\0"
    "\xe5\x91\x95\xe5\xbf\x83\xe6\xb2\xa5\xe8\xa1\x80\0"
    "\xe5\x91\x98\xe5\xb7\xa5\0"
    "\xe5\x91\xa8\xe6\x9c\xab\0"
    "\xe5\x91\xa8\xe5\x9b\xb4\0"
    "\xe5\x91\xa8\xe4\xba\x94\0"
    "\xe5\x91\xa8\xe4\xb8\x80\0"
    "\xe5\x91\xa8\xe5\x85\xad\0"
    "\xe5\x91\xa8\xe6\x9c\x9f\0"
    "\xe5\x91\xa8\xe8\xbe\xb9\0"
    "\xe5\x91\xa8\xe6\x97\xa5\0"
    "\xe5\x91\xa8\xe6\x9d\xb0\xe4\xbc\xa6\0"
    "\xe5\x91\xb3\xe9\x81\x93\0"
    "\xe5\x91\xb5\xe5\x91\xb5\0"
    "\xe5\x91\xb5\xe5\x91\xb5\xe5\x91\xb5\0"
    "\xe5\x91\xbc\xe5\x90\xb8\0"
    "\xe5\x91\xbc\xe5\x90\x81\0"
    "\xe5\x91\xbd\xe4\xbb\xa4\0"
    "\xe5\x91\xbd\xe8\xbf\x90\0"
    "\xe5\x91\xbd\xe5\x90\x8d\0"
    "\xe5\x92\x8c\xe8\xb0\x90\0"
    "\xe5\x92\x8c\xe4\xbd\xa0\0"
    "\xe5\x92\x8c\xe6\x88\x91\0"
    "\xe5\x92\x8c\xe7\x9d\xa6\xe7\x9b\xb8\xe5\xa4\x84\0"
    "\xe5\x92\x8c\xe4\xbb\x96\0"
    "\xe5\x92\x8c\xe5\xb9\xb3\0"
    "\xe5\x92\x8c\xe5\xa5\xb9\0"
    "\xe5\x92\x8c\xe8\x80\x8c\xe4\xb8\x8d\xe5\x90\x8c\0"
    "\xe5\x92\x8c\xe8\xa1\xb7\xe5\x85\xb1\xe6\xb5\x8e\0"
    "\xe5\x92\x96\xe5\x95\xa1\0"
    "\xe5\x92\xa8\xe8\xaf\xa2\0"
    "\xe5\x92\xb1\xe4\xbb\xac\0"
    "\xe5\x93\x81\xe7\x89\x8c\0"
    "\xe5\x93\x81\xe5\xad\xa6\xe5\x85\xbc\xe4\xbc\x98\0"
    "\xe5\x93\x81\xe7\xa7\x8d\0"
    "\xe5\x93\x81\xe8\xb4\xa8\0"
    "\xe5\x93\x88\xe5\x93\x88\0"
    "\xe5\x93\x88\xe5\x93\x88\xe5\x93\x88\0"
    "\xe5\x93\x88\xe5\x93\x88\xe5\x93\x88\xe5\x93\x88\0"
    "\xe5\x93\x88\xe5\xb0\x94\xe6\xbb\xa8\0"
    "\xe5\x93\x8d\xe5\xba\x94\0"
    "\xe5\x93\x8e\xe5\x91\x80\0"
    "\xe5\x93\xa5\xe5\x93\xa5\0"
    "\xe5\x93\xa5\xe4\xbb\xac\0"
    "\xe5\x93\xaa\xe9\x87\x8c\0"
    "\xe5\x93\xaa\xe4\xb8\xaa\0"
    "\xe5\x93\xaa\xe4\xba\x9b\0"
    "\xe5\x93\xaa\xe5\x84\xbf\0"
    "\xe5\x93\xaa\xe6\x9c\x89\0"
    "\xe5\x93\xaa\xe5\xa4\xa9\0"
    "\xe5\x93\xaa\xe6\x80\x95\0"
    "\xe5\x93\xaa\xe4\xbd\x8d\0"
    "\xe5\x93\xb2\xe5\xad\xa6\0"
    "\xe5\x94\x87\xe6\x9e\xaa\xe8\x88\x8c\xe5\x89\x91\0"
    "\xe5\x94\xae\xe4\xbb\xb7\0"
    "\xe5\x94\xaf\xe4\xb8\x80\0"
    "\xe5\x94\xaf\xe5\x88\xa9\xe6\x98\xaf\xe5\x9b\xbe\0"
    "\xe5\x94\xb1\xe6\xad\x8c\0"
    "\xe5\x95\x83\xe7\xa1\xac\xe9\xaa\xa8\xe5\xa4\xb4\0"
    "\xe5\x95\x86\xe5\x93\x81\0"
    "\xe5\x95\x86\xe4\xb8\x9a\0"
    "\xe5\x95\x86\xe5\x8a\xa1\0"
    "\xe5\x95\x86\xe9\x87\x8f\0"
    "\xe5\x95\x86\xe5\xae\xb6\0"
    "\xe5\x95\x86\xe5\x9c\xba\0"
    "\xe5\x95\x86\xe5\xba\x97\0"
    "\xe5\x95\x86\xe6\xa0\x87\0"
    "\xe5\x95\x86\xe4\xba\xba\0"
    "\xe5\x95\xa4\xe9\x85\x92\0"
    "\xe5\x95\xa5\xe5\xad\x90\0"
    "\xe5\x95\xa5\xe6\x97\xb6\xe5\x80\x99\0"
    "\xe5\x95\xbc\xe7\xac\x91\xe7\x9a\x86\xe9\x9d\x9e\0"
    "\xe5\x96\x84\xe5\xa7\x8b\xe5\x96\x84\xe7\xbb\x88\0"
    "\xe5\x96\x84\xe8\x89\xaf\0"
    "\xe5\x96\x84\xe4\xba\x8e\0"
    "\xe5\x96\x9c\xe6\xac\xa2\0"
    "\xe5\x96\x9c\xe6\xb0\x94\xe6\xb4\x8b\xe6\xb4\x8b\0"
    "\xe5\x96\x9c\xe7\x88\xb1\0"
    "\xe5\x96\x9c\xe7\xac\x91\xe9\xa2\x9c\xe5\xbc\x80\0"
    "\xe5\x96\x9d\xe9\x85\x92\0"
    "\xe5\x97\xaf\xe5\x97\xaf\0"
    "\xe5\x98\x89\xe5\xae\xbe\0"
    "\xe5\x98\x8e\xe5\x98\x8e\0"
    "\xe5\x98\xb4\xe9\x87\x8c\0"
    "\xe5\x98\xb4\xe5\xb7\xb4\0"
    "\xe5\x98\xbb\xe5\x98\xbb\0"
    "\xe5\x98\xbf\xe5\x98\xbf\0"
    "\xe5\x9a\x8e\xe5\x95\x95\xe5\xa4\xa7\xe5\x93\xad\0"
    "\xe5\x9b\x9b\xe5\xb7\x9d\0"
    "\xe5\x9b\x9b\xe4\xb8\xaa\0"
    "\xe5\x9b\x9b\xe9\x80\x9a\xe5\x85\xab\xe8\xbe\xbe\0"
    "\xe5\x9b\x9b\xe5\xb9\xb4\0"
    "\xe5\x9b\x9b\xe5\xa4\xa7\0"
    "\xe5\x9b\x9e\xe5\xa4\x8d\xe6\x97\xa5\xe6\x9c\x9f\0"
    "\xe5\x9b\x9e\xe6\x9d\xa5\0"
    "\xe5\x9b\x9e\xe5\xae\xb6\0"
    "\xe5\x9b\x9e\xe5\x8e\xbb\0"
    "\xe5\x9b\x9e\xe7\xad\x94\0"
    "\xe5\x9b\x9e\xe5\xa4\x8d\0"
    "\xe5\x9b\x9e\xe5\x88\xb0\0"
    "\xe5\x9b\x9e\xe5\xbf\x86\0"
    "\xe5\x9b\x9e\xe5\xa4\xb4\0"
    "\xe5\x9b\x9e\xe4\xba\x8b\0"
    "\xe5\x9b\x9e\xe6\x8a\xa5\0"
    "\xe5\x9b\x9e\xe5\x9b\xbd\0"
    "\xe5\x9b\x9e\xe5\xbd\x92\0"
    "\xe5\x9b\x9e\xe5\xba\x94\0"
    "\xe5\x9b\x9e\xe5\xb8\x96\0"
    "\xe5\x9b\x9e\xe6\x94\xb6\0"
    "\xe5\x9b\xa0\xe4\xb8\xba\0"
    "\xe5\x9b\xa0\xe6\xad\xa4\0"
    "\xe5\x9b\xa0\xe7\xb4\xa0\0"
    "\xe5\x9b\xa0\xe6\x9d\x90\xe6\x96\xbd\xe6\x95\x99\0"
    "\xe5\x9b\xa0\xe5\x8a\xbf\xe5\x88\xa9\xe5\xaf\xbc\0"
    "\xe5\x9b\xa0\xe8\x80\x8c\0"
    "\xe5\x9b\xa0\xe5\x99\x8e\xe5\xba\x9f\xe9\xa3\x9f\0"
    "\xe5\x9b\xa2\xe9\x98\x9f\0"
    "\xe5\x9b\xa2\xe4\xbd\x93\0"
    "\xe5\x9b\xa2\xe7\xbb\x93\0"
    "\xe5\x9b\xb0\xe9\x9a\xbe\0"
    "\xe5\x9b\xb4\xe7\xbb\x95\0"
    "\xe5\x9b\xba\xe5\xae\x9a\0"
    "\xe5\x9b\xbd\xe5\xae\xb6\0"
    "\xe5\x9b\xbd\xe5\x86\x85\0"
    "\xe5\x9b\xbd\xe9\x99\x85\0"
    "\xe5\x9b\xbd\xe5\xa4\x96\0"
    "\xe5\x9b\xbd\xe5\x8a\xa1\xe9\x99\xa2\0"
    "\xe5\x9b\xbd\xe4\xba\xa7\0"
    "\xe5\x9b\xbd\xe5\xba\x86\0"
    "\xe5\x9b\xbd\xe5\x86\x85\xe5\xa4\x96\0"
    "\xe5\x9b\xbd\xe6\xb0\x91\xe5\x85\x9a\0"
    "\xe5\x9b\xbd\xe4\xba\xba\0"
    "\xe5\x9b\xbd\xe6\x9c\x89\0"
    "\xe5\x9b\xbd\xe6\xb3\xb0\xe6\xb0\x91\xe5\xae\x89\0"
    "\xe5\x9b\xbd\xe5\xae\xb6\xe9\x98\x9f\0"
    "\xe5\x9b\xbe\xe7\x89\x87\0"
    "\xe5\x9b\xbe\xe5\x83\x8f\0"
    "\xe5\x9b\xbe\xe4\xb9\xa6\xe9\xa6\x86\0"
    "\xe5\x9b\xbe\xe6\xa0\x87\0"
    "\xe5\x9b\xbe\xe4\xb9\xa6\0"
    "\xe5\x9b\xbe\xe5\xbd\xa2\0"
    "\xe5\x9c\x88\xe5\xad\x90\0"
    "\xe5\x9c\x9f\xe5\x9c\xb0\0"
    "\xe5\x9c\x9f\xe8\xb1\x86\0"
    "\xe5\x9c\xa8\xe7\xba\xbf\0"
    "\xe5\x9c\xa8\xe4\xba\x8e\0"
    "\xe5\x9c\xa8\xe5\xae\xb6\0"
    "\xe5\x9c\xa8\xe6\xad\xa4\0"
    "\xe5\x9c\xa8\xe8\xbf\x99\0"
    "\xe5\x9c\xa8\xe6\x88\x91\0"
    "\xe5\x9c\xa8\xe5\x93\xaa\0"
    "\xe5\x9c\xa8\xe5\x86\x85\0"
    "\xe5\x9c\xa8\xe4\xb9\x8e\0"
    "\xe5\x9c\xa8\xe6\x84\x8f\0"
    "\xe5\x9c\xa8\xe4\xbb\x96\0"
    "\xe5\x9c\xa8\xe9\x82\xa3\0"
    "\xe5\x9c\xb0\xe6\x96\xb9\0"
    "\xe5\x9c\xb0\xe5\x9d\x80\0"
    "\xe5\x9c\xb0\xe5\x8c\xba\0"
    "\xe5\x9c\xb0\xe4\xbd\x8d\0"
    "\xe5\x9c\xb0\xe5\x9b\xbe\0"
    "\xe5\x9c\xb0\xe8\xaf\xb4\0"
    "\xe5\x9c\xb0\xe7\x82\xb9\0"
    "\xe5\x9c\xb0\xe9\x9c\x87\0"
    "\xe5\x9c\xb0\xe4\xb8\x8a\0"
    "\xe5\x9c\xb0\xe7\x90\x83\0"
    "\xe5\x9c\xb0\xe9\x93\x81\0"
    "\xe5\x9c\xb0\xe9\x9d\xa2\0"
    "\xe5\x9c\xb0\xe4\xb8\x8b\0"
    "\xe5\x9c\xb0\xe4\xba\xa7\0"
    "\xe5\x9c\xb0\xe6\x9d\xbf\0"
    "\xe5\x9c\xb0\xe6\xad\xa5\0"
    "\xe5\x9c\xba\xe6\x99\xaf\0"
    "\xe5\x9c\xba\xe9\x9d\xa2\0"
    "\xe5\x9c\xba\xe6\x89\x80\0"
    "\xe5\x9c\xba\xe5\x9c\xb0\0"
    "\xe5\x9c\xba\xe6\xaf\x94\xe8\xb5\x9b\0"
    "\xe5\x9d\x87\xe4\xb8\xba\0"
    "\xe5\x9d\x90\xe5\x9c\xa8\0"
    "\xe5\x9d\x90\xe7\xab\x8b\xe4\xb8\x8d\xe5\xae\x89\0"
    "\xe5\x9d\x97\xe9\x92\xb1\0"
    "\xe5\x9d\x9a\xe6\x8c\x81\0"
    "\xe5\x9d\x9a\xe5\x86\xb3\0"
    "\xe5\x9d\x9a\xe5\xbc\xba\0"
    "\xe5\x9d\x9a\xe9\x9f\xa7\xe4\xb8\x8d\xe6\x8b\x94\0"
    "\xe5\x9d\x9a\xe5\xae\x9a\0"
    "\xe5\x9e\x83\xe5\x9c\xbe\0"
    "\xe5\x9e\x84\xe6\x96\xad\0"
    "\xe5\x9e\x8b\xe5\x8f\xb7\0"
    "\xe5\x9f\x8b\xe5\xa4\xb4\xe8\x8b\xa6\xe5\xb9\xb2\0"
    "\xe5\x9f\x8e\xe5\xb8\x82\0"
    "\xe5\x9f\x8e\xe9\x95\x87\0"
    "\xe5\x9f\x8e\xe5\x8c\xba\0"
    "\xe5\x9f\x9f\xe5\x90\x8d\0"
    "\xe5\x9f\xb9\xe8\xae\xad\0"
    "\xe5\x9f\xb9\xe5\x85\xbb\0"
    "\xe5\x9f\xb9\xe8\x82\xb2\0"
    "\xe5\x9f\xba\xe6\x9c\xac\0"
    "\xe5\x9f\xba\xe9\x87\x91\0"
    "\xe5\x9f\xba\xe7\xa1\x80\0"
    "\xe5\x9f\xba\xe6\x9c\xac\xe4\xb8\x8a\0"
    "\xe5\x9f\xba\xe4\xba\x8e\0"
    "\xe5\x9f\xba\xe5\x9c\xb0\0"
    "\xe5\x9f\xba\xe5\xb1\x82\0"
    "\xe5\x9f\xba\xe5\x9b\xa0\0"
    "\xe5\xa0\x86\xe7\xa7\xaf\xe5\xa6\x82\xe5\xb1\xb1\0"
    "\xe5\xa1\x91\xe6\x96\x99\0"
    "\xe5\xa1\xab\xe5\x86\x99\0"
    "\xe5\xa1\xab\xe6\xb5\xb7\xe9\x80\xa0\xe5\x9c\xb0\0"
    "\xe5\xa2\x83\xe7\x95\x8c\0"
    "\xe5\xa2\x83\xe5\x86\x85\0"
    "\xe5\xa2\x9e\xe5\x8a\xa0\0"
    "\xe5\xa2\x9e\xe9\x95\xbf\0"
    "\xe5\xa2\x9e\xe5\xbc\xba\0"
    "\xe5\xa2\x9e\xe5\xa4\x9a\0"
    "\xe5\xa3\xab\xe5\x85\xb5\0"
    "\xe5\xa3\xae\xe5\xa3\xab\xe6\x96\xad\xe8\x85\x95\0"
    "\xe5\xa3\xae\xe7\x83\x88\xe7\x89\xba\xe7\x89\xb2\0"
    "\xe5\xa3\xb0\xe9\x9f\xb3\0"
    "\xe5\xa3\xb0\xe6\x98\x8e\0"
    "\xe5\xa3\xb0\xe6\x9c\x9b\0"
    "\xe5\xa3\xb0\xe6\x83\x85\xe5\xb9\xb6\xe8\x8c\x82\0"
    "\xe5\xa3\xb0\xe6\xb3\xaa\xe4\xbf\xb1\xe4\xb8\x8b\0"
    "\xe5\xa4\x84\xe7\x90\x86\0"
    "\xe5\xa4\x84\xe4\xba\x8e\0"
    "\xe5\xa4\x84\xe7\x90\x86\xe5\x99\xa8\0"
    "\xe5\xa4\x84\xe7\xbd\x9a\0"
    "\xe5\xa4\x84\xe5\xa5\xb3\0"
    "\xe5\xa4\x87\xe4\xbb\xbd\0"
    "\xe5\xa4\x87\xe6\xa1\x88\0"
    "\xe5\xa4\x8d\xe6\x9d\x82\0"
    "\xe5\xa4\x8d\xe5\x88\xb6\0"
    "\xe5\xa4\x8d\xe4\xb9\xa0\0"
    "\xe5\xa4\x8d\xe6\xb4\xbb\0"
    "\xe5\xa4\x8f\xe5\xa4\xa9\0"
    "\xe5\xa4\x96\xe9\x9d\xa2\0"
    "\xe5\xa4\x96\xe5\x9b\xbd\0"
    "\xe5\xa4\x96\xe5\x9c\xb0\0"
    "\xe5\xa4\x96\xe8\xa7\x82\0"
    "\xe5\xa4\x96\xe9\x83\xa8\0"
    "\xe5\xa4\x96\xe8\xb5\x84\0"
    "\xe5\xa4\x96\xe7\x95\x8c\0"
    "\xe5\xa4\x96\xe8\xb4\xb8\0"
    "\xe5\xa4\x96\xe8\xa1\xa8\0"
    "\xe5\xa4\x96\xe5\x9b\xbd\xe4\xba\xba\0"
    "\xe5\xa4\x96\xe5\x87\xba\0"
    "\xe5\xa4\x9a\xe5\xb0\x91\0"
    "\xe5\xa4\x9a\xe4\xba\x86\0"
    "\xe5\xa4\x9a\xe4\xb8\xaa\0"
    "\xe5\xa4\x9a\xe6\xac\xa1\0"
    "\xe5\xa4\x9a\xe5\xb9\xb4\0"
    "\xe5\xa4\x9a\xe4\xb9\x85\0"
    "\xe5\xa4\x9a\xe7\xa7\x8d\0"
    "\xe5\xa4\x9a\xe4\xb9\x88\0"
    "\xe5\xa4\x9a\xe5\xb0\x91\xe9\x92\xb1\0"
    "\xe5\xa4\x9a\xe5\xa4\xa7\0"
    "\xe5\xa4\x9a\xe8\xb0\xa2\0"
    "\xe5\xa4\x9a\xe6\x95\xb0\0"
    "\xe5\xa4\x9a\xe5\xa4\x9a\0"
    "\xe5\xa4\x9a\xe4\xba\xba\0"
    "\xe5\xa4\x9a\xe5\xa5\xbd\0"
    "\xe5\xa4\x9a\xe5\xae\xb6\0"
    "\xe5\xa4\x9c\xe4\xbb\xa5\xe7\xbb\xa7\xe6\x97\xa5\0"
    "\xe5\xa4\x9c\xe6\x99\x9a\0"
    "\xe5\xa4\xa7\xe5\xae\xb6\0"
    "\xe5\xa4\xa7\xe5\xad\xa6\0"
    "\xe5\xa4\xa7\xe6\xa6\x82\0"
    "\xe5\xa4\xa7\xe9\x87\x8f\0"
    "\xe5\xa4\xa7\xe9\x83\xa8\xe5\x88\x86\0"
    "\xe5\xa4\xa7\xe7\x9b\x98\0"
    "\xe5\xa4\xa7\xe5\xb0\x8f\0"
    "\xe5\xa4\xa7\xe9\x99\x86\0"
    "\xe5\xa4\xa7\xe5\x9e\x8b\0"
    "\xe5\xa4\xa7\xe6\x9c\x89\xe4\xbd\x9c\xe4\xb8\xba\0"
    "\xe5\xa4\xa7\xe5\xad\xa6\xe7\x94\x9f\0"
    "\xe5\xa4\xa7\xe5\x93\xa5\0"
    "\xe5\xa4\xa7\xe5\xa4\xa7\0"
    "\xe5\xa4\xa7\xe5\xa4\x9a\xe6\x95\xb0\0"
    "\xe5\xa4\xa7\xe7\xba\xa6\0"
    "\xe5\xa4\xa7\xe4\xbc\x97\0"
    "\xe5\xa4\xa9\xe5\xa4\xa9\0"
    "\xe5\xa4\xa9\xe6\xb6\xaf\0"
    "\xe5\xa4\xa9\xe6\xb0\x94\0"
    "\xe5\xa4\xa9\xe6\xb4\xa5\0"
    "\xe5\xa4\xa9\xe4\xb8\x8b\0"
    "\xe5\xa4\xa9\xe7\xa9\xba\0"
    "\xe5\xa4\xa9\xe4\xbd\xbf\0"
    "\xe5\xa4\xa9\xe4\xbc\xa6\xe4\xb9\x8b\xe4\xb9\x90\0"
    "\xe5\xa4\xa9\xe5\xaf\x92\xe5\x9c\xb0\xe5\x86\xbb\0"
    "\xe5\xa4\xa9\xe5\xa0\x82\0"
    "\xe5\xa4\xa9\xe5\x9c\xb0\0"
    "\xe5\xa4\xa9\xe8\xb5\x8b\0"
    "\xe5\xa4\xa9\xe7\x84\xb6\0"
    "\xe5\xa4\xa9\xe7\x94\x9f\0"
    "\xe5\xa4\xa9\xe7\xbd\x97\xe5\x9c\xb0\xe7\xbd\x91\0"
    "\xe5\xa4\xa9\xe6\x89\x8d\0"
    "\xe5\xa4\xaa\xe5\xa4\x9a\0"
    "\xe5\xa4\xaa\xe9\x98\xb3\0"
    "\xe5\xa4\xaa\xe5\xa4\xa7\0"
    "\xe5\xa4\xaa\xe5\xa5\xbd\0"
    "\xe5\xa4\xaa\xe9\xab\x98\0"
    "\xe5\xa4\xaa\xe5\xb0\x91\0"
    "\xe5\xa4\xaa\xe5\xa4\xaa\0"
    "\xe5\xa4\xab\xe5\xa6\xbb\0"
    "\xe5\xa4\xab\xe4\xba\xba\0"
    "\xe5\xa4\xab\xe5\xa6\x87\0"
    "\xe5\xa4\xae\xe8\xa7\x86\0"
    "\xe5\xa4\xae\xe8\xa1\x8c\0"
    "\xe5\xa4\xb1\xe8\xb4\xa5\0"
    "\xe5\xa4\xb1\xe5\x8e\xbb\0"
    "\xe5\xa4\xb1\xe6\x9c\x9b\0"
    "\xe5\xa4\xb1\xe4\xb9\x8b\xe4\xba\xa4\xe8\x87\x82\0"
    "\xe5\xa4\xb1\xe8\xaf\xaf\0"
    "\xe5\xa4\xb4\xe5\x8f\x91\0"
    "\xe5\xa4\xb4\xe5\x83\x8f\0"
    "\xe5\xa4\xb4\xe4\xb8\x8a\0"
    "\xe5\xa4\xb4\xe5\xa4\xb4\xe6\x98\xaf\xe9\x81\x93\0"
    "\xe5\xa4\xb4\xe8\x84\x91\0"
    "\xe5\xa4\xb8\xe5\xbc\xa0\0"
    "\xe5\xa4\xba\xe7\x9c\xb6\xe8\x80\x8c\xe5\x87\xba\0"
    "\xe5\xa5\x87\xe6\x80\xaa\0"
    "\xe5\xa5\x87\xe8\xbf\xb9\0"
    "\xe5\xa5\x8b\xe5\x8f\x91\xe6\x9c\x89\xe4\xb8\xba\0"
    "\xe5\xa5\x8b\xe6\x96\x97\0"
    "\xe5\xa5\x8b\xe5\x8f\x91\xe5\x90\x91\xe4\xb8\x8a\0"
    "\xe5\xa5\x8b\xe5\x8f\x91\xe5\x9b\xbe\xe5\xbc\xba\0"
    "\xe5\xa5\x8b\xe8\xb5\xb7\xe7\x9b\xb4\xe8\xbf\xbd\0"
    "\xe5\xa5\x96\xe5\x8a\xb1\0"
    "\xe5\xa5\x96\xe9\x87\x91\0"
    "\xe5\xa5\xa5\xe8\xbf\x90\0"
    "\xe5\xa5\xa5\xe8\xbf\x90\xe4\xbc\x9a\0"
    "\xe5\xa5\xb3\xe4\xba\xba\0"
    "\xe5\xa5\xb3\xe5\xad\xa9\0"
    "\xe5\xa5\xb3\xe5\x84\xbf\0"
    "\xe5\xa5\xb3\xe7\x94\x9f\0"
    "\xe5\xa5\xb3\xe6\x80\xa7\0"
    "\xe5\xa5\xb3\xe5\xad\x90\0"
    "\xe5\xa5\xb3\xe6\x9c\x8b\xe5\x8f\x8b\0"
    "\xe5\xa5\xb3\xe5\xad\xa9\xe5\xad\x90\0"
    "\xe5\xa5\xb3\xe5\xa3\xab\0"
    "\xe5\xa5\xb3\xe5\x8f\x8b\0"
    "\xe5\xa5\xb3\xe7\x9a\x84\0"
    "\xe5\xa5\xb6\xe5\xa5\xb6\0"
    "\xe5\xa5\xb9\xe4\xbb\xac\0"
    "\xe5\xa5\xb9\xe7\x9a\x84\0"
    "\xe5\xa5\xb9\xe8\xaf\xb4\0"
    "\xe5\xa5\xb9\xe6\x98\xaf\0"
    "\xe5\xa5\xbd\xe5\x83\x8f\0"
    "\xe5\xa5\xbd\xe7\x9a\x84\0"
    "\xe5\xa5\xbd\xe4\xba\x86\0"
    "\xe5\xa5\xbd\xe5\xa5\xbd\0"
    "\xe5\xa5\xbd\xe5\xa4\x9a\0"
    "\xe5\xa5\xbd\xe4\xb9\x85\0"
    "\xe5\xa5\xbd\xe5\x90\xa7\0"
    "\xe5\xa5\xbd\xe7\x9c\x8b\0"
    "\xe5\xa5\xbd\xe8\xb1\xa1\0"
    "\xe5\xa5\xbd\xe5\xa4\x84\0"
    "\xe5\xa5\xbd\xe5\x8f\x8b\0"
    "\xe5\xa5\xbd\xe7\x8e\xa9\0"
    "\xe5\xa5\xbd\xe4\xb8\x8d\xe5\xa5\xbd\0"
    "\xe5\xa5\xbd\xe6\x99\xaf\xe4\xb8\x8d\xe9\x95\xbf\0"
    "\xe5\xa5\xbd\xe5\x90\x97\0"
    "\xe5\xa5\xbd\xe5\x90\x83\0"
    "\xe5\xa6\x82\xe6\x9e\x9c\0"
    "\xe5\xa6\x82\xe4\xbd\x95\0"
    "\xe5\xa6\x82\xe6\xad\xa4\0"
    "\xe5\xa6\x82\xe4\xb8\x8b\0"
    "\xe5\xa6\x82\xe6\x95\xb0\xe5\xae\xb6\xe7\x8f\x8d\0"
    "\xe5\xa6\x82\xe4\xbb\x8a\0"
    "\xe5\xa6\x82\xe5\x90\x8c\0"
    "\xe5\xa6\x82\xe5\xb1\xa5\xe8\x96\x84\xe5\x86\xb0\0"
    "\xe5\xa6\x82\xe5\xbd\xb1\xe9\x9a\x8f\xe5\xbd\xa2\0"
    "\xe5\xa6\x82\xe9\x87\x8a\xe9\x87\x8d\xe8\xb4\x9f\0"
    "\xe5\xa6\x82\xe7\x97\xb4\xe5\xa6\x82\xe9\x86\x89\0"
    "\xe5\xa6\x82\xe6\x9c\x89\0"
    "\xe5\xa6\x82\xe6\x84\x8f\xe7\xae\x97\xe7\x9b\x98\0"
    "\xe5\xa6\x87\xe5\xa5\xb3\0"
    "\xe5\xa6\x88\xe5\xa6\x88\0"
    "\xe5\xa6\x99\xe8\xb6\xa3\xe6\xa8\xaa\xe7\x94\x9f\0"
    "\xe5\xa6\xb9\xe5\xa6\xb9\0"
    "\xe5\xa6\xbb\xe5\xad\x90\0"
    "\xe5\xa7\x8b\xe7\xbb\x88\0"
    "\xe5\xa7\x8b\xe7\xbb\x88\xe5\xa6\x82\xe4\xb8\x80\0"
    "\xe5\xa7\x8b\xe7\xbb\x88\xe4\xb8\x8d\xe6\xb8\x9d\0"
    "\xe5\xa7\x90\xe5\xa7\x90\0"
    "\xe5\xa7\x90\xe5\xa6\xb9\0"
    "\xe5\xa7\x91\xe5\xa8\x98\0"
    "\xe5\xa7\x93\xe5\x90\x8d\0"
    "\xe5\xa7\x94\xe5\x91\x98\xe4\xbc\x9a\0"
    "\xe5\xa7\x94\xe6\x89\x98\0"
    "\xe5\xa7\x94\xe5\x91\x98\0"
    "\xe5\xa7\x9a\xe6\x98\x8e\0"
    "\xe5\xa7\xbf\xe5\x8a\xbf\0"
    "\xe5\xa8\x81\xe8\x83\x81\0"
    "\xe5\xa8\x83\xe5\xa8\x83\0"
    "\xe5\xa8\xb1\xe4\xb9\x90\0"
    "\xe5\xa9\x86\xe5\xa9\x86\0"
    "\xe5\xa9\x9a\xe5\xa7\xbb\0"
    "\xe5\xa9\x9a\xe7\xa4\xbc\0"
    "\xe5\xa9\xb4\xe5\x84\xbf\0"
    "\xe5\xaa\x92\xe4\xbd\x93\0"
    "\xe5\xaa\xb3\xe5\xa6\x87\0"
    "\xe5\xad\x90\xe8\x99\x9a\xe4\xb9\x8c\xe6\x9c\x89\0"
    "\xe5\xad\x90\xe5\xa5\xb3\0"
    "\xe5\xad\x97\xe6\xaf\x8d\0"
    "\xe5\xad\x97\xe4\xbd\x93\0"
    "\xe5\xad\x97\xe6\xae\xb5\0"
    "\xe5\xad\x97\xe7\xac\xa6\0"
    "\xe5\xad\x97\xe5\xb9\x95\0"
    "\xe5\xad\x98\xe5\x9c\xa8\0"
    "\xe5\xad\x98\xe5\x82\xa8\0"
    "\xe5\xad\x98\xe6\xa1\xa3\0"
    "\xe5\xad\x98\xe6\xac\xbe\0"
    "\xe5\xad\x9c\xe5\xad\x9c\xe4\xbb\xa5\xe6\xb1\x82\0"
    "\xe5\xad\xa3\xe8\x8a\x82\0"
    "\xe5\xad\xa3\xe5\xba\xa6\0"
    "\xe5\xad\xa4\xe7\x8b\xac\0"
    "\xe5\xad\xa6\xe6\xa0\xa1\0"
    "\xe5\xad\xa6\xe7\x94\x9f\0"
    "\xe5\xad\xa6\xe4\xb9\xa0\0"
    "\xe5\xad\xa6\xe9\x99\xa2\0"
    "\xe5\xad\xa6\xe4\xbc\x9a\0"
    "\xe5\xad\xa6\xe4\xbb\xa5\xe8\x87\xb4\xe7\x94\xa8\0"
    "\xe5\xad\xa6\xe8\x80\x85\0"
    "\xe5\xad\xa6\xe6\x9c\xaf\0"
    "\xe5\xad\xa6\xe7\xa7\x91\0"
    "\xe5\xad\xa6\xe5\x91\x98\0"
    "\xe5\xad\xa6\xe6\x9c\x9f\0"
    "\xe5\xad\xa6\xe5\x8e\x86\0"
    "\xe5\xad\xa6\xe8\xb4\xb9\0"
    "\xe5\xad\xa9\xe5\xad\x90\0"
    "\xe5\xae\x81\xe6\xb3\xa2\0"
    "\xe5\xae\x83\xe4\xbb\xac\0"
    "\xe5\xae\x83\xe7\x9a\x84\0"
    "\xe5\xae\x83\xe6\x98\xaf\0"
    "\xe5\xae\x87\xe5\xae\x99\0"
    "\xe5\xae\x88\xe6\x9c\x9b\xe7\x9b\xb8\xe5\x8a\xa9\0"
    "\xe5\xae\x88\xe5\x9c\x9f\xe6\x9c\x89\xe8\xb4\xa3\0"
    "\xe5\xae\x88\xe6\xa0\xaa\xe5\xbe\x85\xe5\x85\x94\0"
    "\xe5\xae\x89\xe5\x85\xa8\0"
    "\xe5\xae\x89\xe8\xa3\x85\0"
    "\xe5\xae\x89\xe6\x8e\x92\0"
    "\xe5\xae\x89\xe9\x9d\x99\0"
    "\xe5\xae\x89\xe6\x85\xb0\0"
    "\xe5\xae\x89\xe5\xbe\xbd\0"
    "\xe5\xae\x89\xe8\xba\xab\xe7\xab\x8b\xe5\x91\xbd\0"
    "\xe5\xae\x89\xe8\x90\xa5\xe6\x89\x8e\xe5\xaf\xa8\0"
    "\xe5\xae\x89\xe5\xae\xb6\xe8\x90\xbd\xe6\x88\xb7\0"
    "\xe5\xae\x8c\xe6\x88\x90\0"
    "\xe5\xae\x8c\xe5\x85\xa8\0"
    "\xe5\xae\x8c\xe5\x96\x84\0"
    "\xe5\xae\x8c\xe7\xbe\x8e\0"
    "\xe5\xae\x8c\xe4\xba\x86\0"
    "\xe5\xae\x8c\xe6\x95\xb4\0"
    "\xe5\xae\x8c\xe6\xaf\x95\0"
    "\xe5\xae\x97\xe6\x95\x99\0"
    "\xe5\xae\x98\xe6\x96\xb9\0"
    "\xe5\xae\x98\xe5\x91\x98\0"
    "\xe5\xae\x9a\xe4\xb9\x89\0"
    "\xe5\xae\x9a\xe4\xbd\x8d\0"
    "\xe5\xae\x9a\xe6\x9c\x9f\0"
    "\xe5\xae\x9a\xe5\x88\xb6\0"
    "\xe5\xae\x9a\xe4\xbb\xb7\0"
    "\xe5\xae\x9d\xe5\xae\x9d\0"
    "\xe5\xae\x9d\xe8\xb4\x9d\0"
    "\xe5\xae\x9d\xe7\x9f\xb3\0"
    "\xe5\xae\x9d\xe8\xb4\xb5\0"
    "\xe5\xae\x9e\xe7\x8e\xb0\0"
    "\xe5\xae\x9e\xe5\x9c\xa8\0"
    "\xe5\xae\x9e\xe9\x99\x85\0"
    "\xe5\xae\x9e\xe6\x96\xbd\0"
    "\xe5\xae\x9e\xe8\xa1\x8c\0"
    "\xe5\xae\x9e\xe5\x8a\x9b\0"
    "\xe5\xae\x9e\xe8\xb7\xb5\0"
    "\xe5\xae\x9e\xe9\x99\x85\xe4\xb8\x8a\0"
    "\xe5\xae\x9e\xe9\xaa\x8c\0"
    "\xe5\xae\x9e\xe4\xb9\xa0\0"
    "\xe5\xae\x9e\xe9\xaa\x8c\xe5\xae\xa4\0"
    "\xe5\xae\x9e\xe7\x94\xa8\0"
    "\xe5\xae\x9e\xe8\x87\xb3\xe5\x90\x8d\xe5\xbd\x92\0"
    "\xe5\xae\x9e\xe8\xaf\x9d\0"
    "\xe5\xae\x9e\xe6\x97\xb6\0"
    "\xe5\xae\x9e\xe4\xbd\x93\0"
    "\xe5\xae\xa0\xe7\x89\xa9\0"
    "\xe5\xae\xa1\xe6\x97\xb6\xe5\xba\xa6\xe5\x8a\xbf\0"
    "\xe5\xae\xa1\xe6\xa0\xb8\0"
    "\xe5\xae\xa1\xe6\x89\xb9\0"
    "\xe5\xae\xa1\xe8\xae\xa1\0"
    "\xe5\xae\xa1\xe6\x9f\xa5\0"
    "\xe5\xae\xa2\xe6\x88\xb7\0"
    "\xe5\xae\xa2\xe4\xba\xba\0"
    "\xe5\xae\xa2\xe6\xb0\x94\0"
    "\xe5\xae\xa2\xe8\xa7\x82\0"
    "\xe5\xae\xa2\xe6\x88\xb7\xe7\xab\xaf\0"
    "\xe5\xae\xa2\xe6\x9c\x8d\0"
    "\xe5\xae\xa3\xe4\xbc\xa0\0"
    "\xe5\xae\xa3\xe5\xb8\x83\0"
    "\xe5\xae\xa4\xe5\x86\x85\0"
    "\xe5\xae\xb3\xe6\x80\x95\0"
    "\xe5\xae\xb3\xe7\xbe\xa4\xe4\xb9\x8b\xe9\xa9\xac\0"
    "\xe5\xae\xb6\xe9\x87\x8c\0"
    "\xe5\xae\xb6\xe5\xba\xad\0"
    "\xe5\xae\xb6\xe4\xba\xba\0"
    "\xe5\xae\xb6\xe9\x95\xbf\0"
    "\xe5\xae\xb6\xe4\xbc\x99\0"
    "\xe5\xae\xb6\xe6\x97\x8f\0"
    "\xe5\xae\xb6\xe5\x85\xb7\0"
    "\xe5\xae\xb6\xe4\xb9\xa1\0"
    "\xe5\xae\xb6\xe4\xb8\xad\0"
    "\xe5\xae\xb6\xe5\xb1\x9e\0"
    "\xe5\xae\xb6\xe9\x95\xbf\xe9\x87\x8c\xe7\x9f\xad\0"
    "\xe5\xae\xb6\xe5\x9b\xad\0"
    "\xe5\xae\xb6\xe7\xa0\xb4\xe4\xba\xba\xe4\xba\xa1\0"
    "\xe5\xae\xb9\xe6\x98\x93\0"
    "\xe5\xae\xb9\xe9\x87\x8f\0"
    "\xe5\xae\xbd\xe5\xb8\xa6\0"
    "\xe5\xae\xbe\xe9\xa6\x86\0"
    "\xe5\xae\xbf\xe8\x88\x8d\0"
    "\xe5\xaf\x82\xe5\xaf\x9e\0"
    "\xe5\xaf\x86\xe7\xa0\x81\0"
    "\xe5\xaf\x86\xe5\x88\x87\0"
    "\xe5\xaf\x8c\xe6\x9c\x89\0"
    "\xe5\xaf\x8c\xe4\xb8\xbd\xe5\xa0\x82\xe7\x9a\x87\0"
    "\xe5\xaf\x9d\xe5\xae\xa4\0"
    "\xe5\xaf\xb8\xe6\xad\xa5\xe9\x9a\xbe\xe8\xa1\x8c\0"
    "\xe5\xaf\xb9\xe4\xba\x8e\0"
    "\xe5\xaf\xb9\xe6\x96\xb9\0"
    "\xe5\xaf\xb9\xe8\xb1\xa1\0"
    "\xe5\xaf\xb9\xe4\xba\x86\0"
    "\xe5\xaf\xb9\xe6\x88\x91\0"
    "\xe5\xaf\xb9\xe4\xb8\x8d\xe8\xb5\xb7\0"
    "\xe5\xaf\xb9\xe6\x89\x8b\0"
    "\xe5\xaf\xb9\xe7\xb0\xbf\xe5\x85\xac\xe5\xa0\x82\0"
    "\xe5\xaf\xb9\xe5\xba\x94\0"
    "\xe5\xaf\xb9\xe6\xaf\x94\0"
    "\xe5\xaf\xb9\xe4\xbd\xa0\0"
    "\xe5\xaf\xb9\xe6\xad\xa4\0"
    "\xe5\xaf\xb9\xe8\xaf\x9d\0"
    "\xe5\xaf\xb9\xe5\xbe\x85\0"
    "\xe5\xaf\xb9\xe9\x9d\xa2\0"
    "\xe5\xaf\xb9\xe4\xbb\x96\0"
    "\xe5\xaf\xbb\xe6\x89\xbe\0"
    "\xe5\xaf\xbb\xe6\xb1\x82\0"
    "\xe5\xaf\xbc\xe8\x87\xb4\0"
    "\xe5\xaf\xbc\xe6\xbc\x94\0"
    "\xe5\xaf\xbc\xe5\x85\xa5\0"
    "\xe5\xaf\xbc\xe5\xb8\x88\0"
    "\xe5\xaf\xbc\xe8\x88\xaa\0"
    "\xe5\xb0\x81\xe9\x97\xad\0"
    "\xe5\xb0\x81\xe9\x9d\xa2\0"
    "\xe5\xb0\x86\xe4\xbc\x9a\0"
    "\xe5\xb0\x86\xe6\x9d\xa5\0"
    "\xe5\xb0\x86\xe5\x9c\xa8\0"
    "\xe5\xb0\x86\xe5\x85\xb6\0"
    "\xe5\xb0\x86\xe5\xbf\x83\xe6\xaf\x94\xe5\xbf\x83\0"
    "\xe5\xb0\x86\xe4\xbf\xa1\xe5\xb0\x86\xe7\x96\x91\0"
    "\xe5\xb0\x86\xe5\x86\x9b\0"
    "\xe5\xb0\x86\xe4\xba\x8e\0"
    "\xe5\xb0\x86\xe6\x88\x90\xe4\xb8\xba\0"
    "\xe5\xb0\x8a\xe9\x87\x8d\0"
    "\xe5\xb0\x8a\xe6\x95\xac\0"
    "\xe5\xb0\x8f\xe6\x97\xb6\0"
    "\xe5\xb0\x8f\xe5\xbf\x83\0"
    "\xe5\xb0\x8f\xe8\xaf\xb4\0"
    "\xe5\xb0\x8f\xe5\xa7\x90\0"
    "\xe5\xb0\x8f\xe5\xad\xa9\0"
    "\xe5\xb0\x8f\xe5\x8c\xba\0"
    "\xe5\xb0\x8f\xe5\xad\xa6\0"
    "\xe5\xb0\x8f\xe7\xbb\x84\0"
    "\xe5\xb0\x8f\xe6\x97\xb6\xe5\x80\x99\0"
    "\xe5\xb0\x8f\xe5\xad\x90\0"
    "\xe5\xb0\x8f\xe5\xb0\x8f\0"
    "\xe5\xb0\x8f\xe5\xad\xa9\xe5\xad\x90\0"
    "\xe5\xb0\x8f\xe5\x8f\xb7\0"
    "\xe5\xb0\x8f\xe6\x9c\x8b\xe5\x8f\x8b\0"
    "\xe5\xb0\x8f\xe9\xa2\x98\xe5\xa4\xa7\xe5\x81\x9a\0"
    "\xe5\xb0\x8f\xe7\x8c\xaa\0"
    "\xe5\xb0\x91\xe5\xb9\xb4\0"
    "\xe5\xb0\x91\xe5\xa5\xb3\0"
    "\xe5\xb0\x91\xe6\x95\xb0\0"
    "\xe5\xb0\x9a\xe6\x9c\xaa\0"
    "\xe5\xb0\x9d\xe8\xaf\x95\0"
    "\xe5\xb0\xa4\xe5\x85\xb6\0"
    "\xe5\xb0\xb1\xe6\x98\xaf\0"
    "\xe5\xb0\xb1\xe4\xbc\x9a\0"
    "\xe5\xb0\xb1\xe8\xa6\x81\0"
    "\xe5\xb0\xb1\xe5\x83\x8f\0"
    "\xe5\xb0\xb1\xe5\x9c\xa8\0"
    "\xe5\xb0\xb1\xe7\xae\x97\0"
    "\xe5\xb0\xb1\xe8\x83\xbd\0"
    "\xe5\xb0\xb1\xe8\xa1\x8c\0"
    "\xe5\xb0\xb1\xe4\xb8\x8d\0"
    "\xe5\xb0\xb1\xe6\x9c\x89\0"
    "\xe5\xb0\xb1\xe5\xa5\xbd\0"
    "\xe5\xb0\xb1\xe4\xb8\x9a\0"
    "\xe5\xb0\xb1\xe8\xaf\xb4\0"
    "\xe5\xb0\xb1\xe6\x8a\x8a\0"
    "\xe5\xb0\xb1\xe5\x8e\xbb\0"
    "\xe5\xb0\xb1\xe6\xb2\xa1\0"
    "\xe5\xb0\xb8\xe4\xbd\x93\0"
    "\xe5\xb0\xba\xe5\xaf\xb8\0"
    "\xe5\xb0\xbd\xe7\xae\xa1\0"
    "\xe5\xb0\xbd\xe9\x87\x8f\0"
    "\xe5\xb0\xbd\xe5\xbf\xab\0"
    "\xe5\xb0\xbd\xe5\x8a\x9b\xe8\x80\x8c\xe4\xb8\xba\0"
    "\xe5\xb0\xbd\xe5\x8f\xaf\xe8\x83\xbd\0"
    "\xe5\xb1\x80\xe9\x9d\xa2\0"
    "\xe5\xb1\x80\xe9\x95\xbf\0"
    "\xe5\xb1\x80\xe9\x83\xa8\0"
    "\xe5\xb1\x81\xe8\x82\xa1\0"
    "\xe5\xb1\x82\xe6\xac\xa1\0"
    "\xe5\xb1\x82\xe9\x9d\xa2\0"
    "\xe5\xb1\x85\xe7\x84\xb6\0"
    "\xe5\xb1\x85\xe6\xb0\x91\0"
    "\xe5\xb1\x85\xe5\xae\x89\xe6\x80\x9d\xe5\x8d\xb1\0"
    "\xe5\xb1\x85\xe4\xbd\x8f\0"
    "\xe5\xb1\x8f\xe5\xb9\x95\0"
    "\xe5\xb1\x8f\xe8\x94\xbd\0"
    "\xe5\xb1\x95\xe7\xa4\xba\0"
    "\xe5\xb1\x95\xe5\xbc\x80\0"
    "\xe5\xb1\x95\xe7\x8e\xb0\0"
    "\xe5\xb1\x9e\xe4\xba\x8e\0"
    "\xe5\xb1\x9e\xe6\x80\xa7\0"
    "\xe5\xb1\xa1\xe6\x95\x99\xe4\xb8\x8d\xe6\x94\xb9\0"
    "\xe5\xb1\xa5\xe8\xa1\x8c\0"
    "\xe5\xb1\xb1\xe4\xb8\x9c\0"
    "\xe5\xb1\xb1\xe6\xb8\x85\xe6\xb0\xb4\xe7\xa7\x80\0"
    "\xe5\xb1\xb1\xe8\xa5\xbf\0"
    "\xe5\xb2\x81\xe7\x9a\x84\0"
    "\xe5\xb2\x81\xe6\x9c\x88\0"
    "\xe5\xb2\x8c\xe5\xb2\x8c\xe5\x8f\xaf\xe5\x8d\xb1\0"
    "\xe5\xb2\x97\xe4\xbd\x8d\0"
    "\xe5\xb3\xb0\xe5\x9b\x9e\xe8\xb7\xaf\xe8\xbd\xac\0"
    "\xe5\xb4\x87\xe6\x8b\x9c\0"
    "\xe5\xb4\x87\xe5\xb1\xb1\xe5\xb3\xbb\xe5\xb2\xad\0"
    "\xe5\xb4\xa9\xe6\xba\x83\0"
    "\xe5\xb7\x9d\xe6\xb5\x81\xe4\xb8\x8d\xe6\x81\xaf\0"
    "\xe5\xb7\xa5\xe4\xbd\x9c\0"
    "\xe5\xb7\xa5\xe7\xa8\x8b\0"
    "\xe5\xb7\xa5\xe8\xb5\x84\0"
    "\xe5\xb7\xa5\xe5\x85\xb7\0"
    "\xe5\xb7\xa5\xe4\xb8\x9a\0"
    "\xe5\xb7\xa5\xe4\xbd\x9c\xe4\xba\xba\xe5\x91\x98\0"
    "\xe5\xb7\xa5\xe5\x8e\x82\0"
    "\xe5\xb7\xa5\xe4\xba\xba\0"
    "\xe5\xb7\xa5\xe8\x89\xba\0"
    "\xe5\xb7\xa5\xe7\xa8\x8b\xe5\xb8\x88\0"
    "\xe5\xb7\xa5\xe4\xbc\x9a\0"
    "\xe5\xb7\xa5\xe8\xa1\x8c\0"
    "\xe5\xb7\xa5\xe5\x95\x86\0"
    "\xe5\xb7\xa6\xe5\x8f\xb3\0"
    "\xe5\xb7\xa6\xe9\x82\xbb\xe5\x8f\xb3\xe8\x88\x8d\0"
    "\xe5\xb7\xa6\xe8\xbe\xb9\0"
    "\xe5\xb7\xa7\xe7\xab\x8b\xe5\x90\x8d\xe7\x9b\xae\0"
    "\xe5\xb7\xa8\xe5\xa4\xa7\0"
    "\xe5\xb7\xae\xe4\xb8\x8d\xe5\xa4\x9a\0"
    "\xe5\xb7\xae\xe8\xb7\x9d\0"
    "\xe5\xb7\xae\xe5\xbc\x82\0"
    "\xe5\xb7\xae\xe7\x82\xb9\0"
    "\xe5\xb7\xae\xe5\x88\xab\0"
    "\xe5\xb7\xb2\xe7\xbb\x8f\0"
    "\xe5\xb7\xb2\xe6\x9c\x89\0"
    "\xe5\xb7\xb2\xe8\xa2\xab\0"
    "\xe5\xb7\xb4\xe8\xa5\xbf\0"
    "\xe5\xb7\xb4\xe9\xbb\x8e\0"
    "\xe5\xb8\x82\xe5\x9c\xba\0"
    "\xe5\xb8\x82\xe6\xb0\x91\0"
    "\xe5\xb8\x82\xe5\x8c\xba\0"
    "\xe5\xb8\x82\xe9\x95\xbf\0"
    "\xe5\xb8\x82\xe6\x94\xbf\xe5\xba\x9c\0"
    "\xe5\xb8\x82\xe5\x9c\xba\xe7\xbb\x8f\xe6\xb5\x8e\0"
    "\xe5\xb8\x83\xe5\xb1\x80\0"
    "\xe5\xb8\x83\xe7\xbd\xae\0"
    "\xe5\xb8\x83\xe4\xbb\x80\0"
    "\xe5\xb8\x85\xe5\x93\xa5\0"
    "\xe5\xb8\x88\xe5\x82\x85\0"
    "\xe5\xb8\x88\xe5\x85\x84\0"
    "\xe5\xb8\x88\xe7\x88\xb6\0"
    "\xe5\xb8\x8c\xe6\x9c\x9b\0"
    "\xe5\xb8\x90\xe5\x8f\xb7\0"
    "\xe5\xb8\x90\xe6\x88\xb7\0"
    "\xe5\xb8\x96\xe5\xad\x90\0"
    "\xe5\xb8\x9d\xe5\x9b\xbd\0"
    "\xe5\xb8\xa6\xe6\x9d\xa5\0"
    "\xe5\xb8\xa6\xe7\x9d\x80\0"
    "\xe5\xb8\xa6\xe5\x8a\xa8\0"
    "\xe5\xb8\xa6\xe6\x9c\x89\0"
    "\xe5\xb8\xa6\xe9\xa2\x86\0"
    "\xe5\xb8\xa6\xe5\xa4\xb4\xe4\xbd\x9c\xe7\x94\xa8\0"
    "\xe5\xb8\xa6\xe7\xbb\x99\0"
    "\xe5\xb8\xa6\xe5\xae\xbd\0"
    "\xe5\xb8\xa6\xe4\xb8\x8a\0"
    "\xe5\xb8\xad\xe5\x9c\xb0\xe8\x80\x8c\xe5\x9d\x90\0"
    "\xe5\xb8\xae\xe5\x8a\xa9\0"
    "\xe5\xb8\xae\xe6\x88\x91\0"
    "\xe5\xb8\xae\xe5\xbf\x99\0"
    "\xe5\xb8\xae\xe4\xbd\xa0\0"
    "\xe5\xb8\xb8\xe5\xb8\xb8\0"
    "\xe5\xb8\xb8\xe8\xa7\x81\0"
    "\xe5\xb8\xb8\xe7\x94\xa8\0"
    "\xe5\xb8\xb8\xe8\xa7\x84\0"
    "\xe5\xb8\xbd\xe5\xad\x90\0"
    "\xe5\xb9\x85\xe5\xba\xa6\0"
    "\xe5\xb9\xb2\xe5\x98\x9b\0"
    "\xe5\xb9\xb2\xe4\xbb\x80\xe4\xb9\x88\0"
    "\xe5\xb9\xb2\xe5\x90\x97\0"
    "\xe5\xb9\xb2\xe9\x83\xa8\0"
    "\xe5\xb9\xb2\xe5\x87\x80\0"
    "\xe5\xb9\xb2\xe5\x95\xa5\0"
    "\xe5\xb9\xb2\xe8\x84\x86\0"
    "\xe5\xb9\xb2\xe6\xb4\xbb\0"
    "\xe5\xb9\xb2\xe6\x89\xb0\0"
    "\xe5\xb9\xb3\xe5\x8f\xb0\0"
    "\xe5\xb9\xb3\xe6\x97\xb6\0"
    "\xe5\xb9\xb3\xe5\x9d\x87\0"
    "\xe5\xb9\xb3\xe8\xa1\xa1\0"
    "\xe5\xb9\xb3\xe6\x96\xb9\xe7\xb1\xb3\0"
    "\xe5\xb9\xb3\xe9\x9d\x99\0"
    "\xe5\xb9\xb3\xe5\xbf\x83\xe8\x80\x8c\xe8\xae\xba\0"
    "\xe5\xb9\xb3\xe7\xad\x89\0"
    "\xe5\xb9\xb3\xe5\xae\x89\xe6\x97\xa0\xe4\xba\x8b\0"
    "\xe5\xb9\xb3\xe5\xb8\xb8\0"
    "\xe5\xb9\xb3\xe5\xae\x89\0"
    "\xe5\xb9\xb3\xe7\xa8\xb3\0"
    "\xe5\xb9\xb3\xe5\x87\xa1\0"
    "\xe5\xb9\xb4\xe8\xbd\xbb\0"
    "\xe5\xb9\xb4\xe4\xb9\x85\xe5\xa4\xb1\xe4\xbf\xae\0"
    "\xe5\xb9\xb4\xe9\xbe\x84\0"
    "\xe5\xb9\xb4\xe4\xba\x8b\xe5\xb7\xb2\xe9\xab\x98\0"
    "\xe5\xb9\xb4\xe4\xbb\xa3\0"
    "\xe5\xb9\xb4\xe5\xba\xa6\0"
    "\xe5\xb9\xb4\xe5\x89\x8d\0"
    "\xe5\xb9\xb4\xe7\x9a\x84\0"
    "\xe5\xb9\xb4\xe8\xbd\xbb\xe4\xba\xba\0"
    "\xe5\xb9\xb4\xe5\xba\x95\0"
    "\xe5\xb9\xb4\xe7\xba\xaa\0"
    "\xe5\xb9\xb4\xe5\xaf\x8c\xe5\x8a\x9b\xe5\xbc\xba\0"
    "\xe5\xb9\xb4\xe5\x88\x9d\0"
    "\xe5\xb9\xb4\xe6\x9d\xa5\0"
    "\xe5\xb9\xb6\xe4\xb8\x94\0"
    "\xe5\xb9\xb6\xe4\xb8\x8d\0"
    "\xe5\xb9\xb6\xe4\xb8\x8d\xe6\x98\xaf\0"
    "\xe5\xb9\xb6\xe9\x9d\x9e\0"
    "\xe5\xb9\xb6\xe8\x82\xa9\xe4\xbd\x9c\xe6\x88\x98\0"
    "\xe5\xb9\xb6\xe5\x9c\xa8\0"
    "\xe5\xb9\xb6\xe9\xa9\xbe\xe9\xbd\x90\xe9\xa9\xb1\0"
    "\xe5\xb9\xb6\xe6\x9c\xaa\0"
    "\xe5\xb9\xb6\xe5\xb0\x86\0"
    "\xe5\xb9\xb8\xe7\xa6\x8f\0"
    "\xe5\xb9\xb8\xe8\xbf\x90\0"
    "\xe5\xb9\xbb\xe6\x83\xb3\0"
    "\xe5\xb9\xbc\xe5\x84\xbf\xe5\x9b\xad\0"
    "\xe5\xb9\xbd\xe9\xbb\x98\0"
    "\xe5\xb9\xbf\xe5\x91\x8a\0"
    "\xe5\xb9\xbf\xe5\xb7\x9e\0"
    "\xe5\xb9\xbf\xe4\xb8\x9c\0"
    "\xe5\xb9\xbf\xe5\xa4\xa7\0"
    "\xe5\xb9\xbf\xe6\xb3\x9b\0"
    "\xe5\xb9\xbf\xe5\x9c\xba\0"
    "\xe5\xb9\xbf\xe8\xa5\xbf\0"
    "\xe5\xb9\xbf\xe4\xb8\x9c\xe7\x9c\x81\0"
    "\xe5\xb9\xbf\xe5\xb7\x9e\xe5\xb8\x82\0"
    "\xe5\xb9\xbf\xe6\x92\xad\0"
    "\xe5\xba\x84\xe5\xae\xb6\0"
    "\xe5\xba\x86\xe7\xa5\x9d\0"
    "\xe5\xba\x8a\xe4\xb8\x8a\0"
    "\xe5\xba\x93\xe5\xad\x98\0"
    "\xe5\xba\x94\xe8\xaf\xa5\0"
    "\xe5\xba\x94\xe7\x94\xa8\0"
    "\xe5\xba\x94\xe5\xbd\x93\0"
    "\xe5\xba\x94\xe6\x8e\xa5\xe4\xb8\x8d\xe6\x9a\x87\0"
    "\xe5\xba\x94\xe5\xaf\xb9\0"
    "\xe5\xba\x94\xe7\x94\xa8\xe7\xa8\x8b\xe5\xba\x8f\0"
    "\xe5\xba\x94\xe4\xbb\x98\0"
    "\xe5\xba\x94\xe8\x81\x98\0"
    "\xe5\xba\x95\xe9\x83\xa8\0"
    "\xe5\xba\x97\xe9\x93\xba\0"
    "\xe5\xba\x9e\xe5\xa4\xa7\0"
    "\xe5\xba\x9f\xe8\xaf\x9d\0"
    "\xe5\xba\xa6\xe8\xbf\x87\0"
    "\xe5\xba\xa7\xe6\x97\xa0\xe8\x99\x9a\xe5\xb8\xad\0"
    "\xe5\xba\xa7\xe4\xbd\x8d\0"
    "\xe5\xbb\x89\xe6\xb4\x81\xe5\xa5\x89\xe5\x85\xac\0"
    "\xe5\xbb\xb6\xe7\xbb\xad\0"
    "\xe5\xbb\xb6\xe9\x95\xbf\0"
    "\xe5\xbb\xb6\xe4\xbc\xb8\0"
    "\xe5\xbb\xba\xe8\xae\xae\0"
    "\xe5\xbb\xba\xe7\xab\x8b\0"
    "\xe5\xbb\xba\xe8\xae\xbe\0"
    "\xe5\xbb\xba\xe7\xad\x91\0"
    "\xe5\xbb\xba\xe5\x8a\x9f\xe7\xab\x8b\xe4\xb8\x9a\0"
    "\xe5\xbb\xba\xe6\x88\x90\0"
    "\xe5\xbb\xba\xe8\xa1\x8c\0"
    "\xe5\xbc\x80\xe5\xa7\x8b\0"
    "\xe5\xbc\x80\xe5\x8f\x91\0"
    "\xe5\xbc\x80\xe5\xbf\x83\0"
    "\xe5\xbc\x80\xe5\xb1\x95\0"
    "\xe5\xbc\x80\xe6\x94\xbe\0"
    "\xe5\xbc\x80\xe8\x8a\xb1\xe7\xbb\x93\xe6\x9e\x9c\0"
    "\xe5\xbc\x80\xe4\xbc\x9a\0"
    "\xe5\xbc\x80\xe9\x80\x9a\0"
    "\xe5\xbc\x80\xe9\x97\xa8\xe8\xa7\x81\xe5\xb1\xb1\0"
    "\xe5\xbc\x80\xe5\x8f\x91\xe5\x95\x86\0"
    "\xe5\xbc\x80\xe8\xbd\xa6\0"
    "\xe5\xbc\x80\xe7\x8e\xa9\xe7\xac\x91\0"
    "\xe5\xbc\x80\xe6\x9c\xba\0"
    "\xe5\xbc\x80\xe8\xaf\x9a\xe5\xb8\x83\xe5\x85\xac\0"
    "\xe5\xbc\x80\xe5\xad\xa6\0"
    "\xe5\xbc\x80\xe5\x90\xaf\0"
    "\xe5\xbc\x82\xe5\xb8\xb8\0"
    "\xe5\xbc\x84\xe5\xbe\x97\0"
    "\xe5\xbc\x95\xe8\xb5\xb7\0"
    "\xe5\xbc\x95\xe4\xbb\xa5\xe4\xb8\xba\xe6\x88\x92\0"
    "\xe5\xbc\x95\xe7\x94\xa8\0"
    "\xe5\xbc\x95\xe5\xaf\xbc\0"
    "\xe5\xbc\x95\xe5\x8f\x91\0"
    "\xe5\xbc\x95\xe8\xbf\x9b\0"
    "\xe5\xbc\x95\xe6\x93\x8e\0"
    "\xe5\xbc\x95\xe5\x85\xa5\0"
    "\xe5\xbc\x9f\xe5\xbc\x9f\0"
    "\xe5\xbc\xa0\xe7\x81\xaf\xe7\xbb\x93\xe5\xbd\xa9\0"
    "\xe5\xbc\xa5\xe8\xa1\xa5\0"
    "\xe5\xbc\xba\xe8\xb0\x83\0"
    "\xe5\xbc\xba\xe7\x83\x88\0"
    "\xe5\xbc\xba\xe5\xa4\xa7\0"
    "\xe5\xbc\xba\xe5\x8c\x96\0"
    "\xe5\xbc\xba\xe5\x8a\xbf\0"
    "\xe5\xbc\xba\xe5\xba\xa6\0"
    "\xe5\xbc\xba\xe5\x88\xb6\0"
    "\xe5\xbd\x93\xe7\x84\xb6\0"
    "\xe5\xbd\x93\xe6\x97\xb6\0"
    "\xe5\xbd\x93\xe5\x9c\xb0\0"
    "\xe5\xbd\x93\xe5\xb9\xb4\0"
    "\xe5\xbd\x93\xe5\x89\x8d\0"
    "\xe5\xbd\x93\xe5\x88\x9d\0"
    "\xe5\xbd\x93\xe4\xb8\xad\0"
    "\xe5\xbd\x93\xe5\xa4\xa9\0"
    "\xe5\xbd\x93\xe4\xbd\xa0\0"
    "\xe5\xbd\x93\xe4\xbd\x9c\0"
    "\xe5\xbd\x93\xe4\xba\x8b\xe4\xba\xba\0"
    "\xe5\xbd\x93\xe6\x88\x91\0"
    "\xe5\xbd\x93\xe6\x9c\xba\xe7\xab\x8b\xe6\x96\xad\0"
    "\xe5\xbd\x93\xe6\x88\x90\0"
    "\xe5\xbd\x95\xe5\x8f\x96\0"
    "\xe5\xbd\x95\xe5\x83\x8f\0"
    "\xe5\xbd\x95\xe9\x9f\xb3\0"
    "\xe5\xbd\xa2\xe6\x88\x90\0"
    "\xe5\xbd\xa2\xe5\xbc\x8f\0"
    "\xe5\xbd\xa2\xe8\xb1\xa1\0"
    "\xe5\xbd\xa2\xe8\xbf\xb9\xe5\x8f\xaf\xe7\x96\x91\0"
    "\xe5\xbd\xa2\xe5\x8a\xbf\0"
    "\xe5\xbd\xa2\xe6\x80\x81\0"
    "\xe5\xbd\xa2\xe5\xae\xb9\0"
    "\xe5\xbd\xa2\xe5\xbd\xb1\xe4\xb8\x8d\xe7\xa6\xbb\0"
    "\xe5\xbd\xa2\xe7\x8a\xb6\0"
    "\xe5\xbd\xa9\xe8\x89\xb2\0"
    "\xe5\xbd\xb1\xe5\x93\x8d\0"
    "\xe5\xbd\xb1\xe7\x89\x87\0"
    "\xe5\xbd\xb1\xe5\xad\x90\0"
    "\xe5\xbd\xb1\xe5\x93\x8d\xe5\x8a\x9b\0"
    "\xe5\xbd\xb1\xe5\x83\x8f\0"
    "\xe5\xbd\xbb\xe5\xba\x95\0"
    "\xe5\xbd\xbc\xe6\xad\xa4\0"
    "\xe5\xbe\x80\xe5\xbe\x80\0"
    "\xe5\xbe\x85\xe9\x81\x87\0"
    "\xe5\xbe\x87\xe7\xa7\x81\xe8\x88\x9e\xe5\xbc\x8a\0"
    "\xe5\xbe\x87\xe7\xa7\x81\xe6\x9e\x89\xe6\xb3\x95\0"
    "\xe5\xbe\x88\xe5\xa4\x9a\0"
    "\xe5\xbe\x88\xe5\xa5\xbd\0"
    "\xe5\xbe\x88\xe5\xbf\xab\0"
    "\xe5\xbe\x88\xe5\xa4\xa7\0"
    "\xe5\xbe\x88\xe9\x9a\xbe\0"
    "\xe5\xbe\x88\xe5\xb0\x91\0"
    "\xe5\xbe\x88\xe6\x9c\x89\0"
    "\xe5\xbe\x88\xe4\xb9\x85\0"
    "\xe5\xbe\x88\xe5\xa4\x9a\xe4\xba\xba\0"
    "\xe5\xbe\x88\xe9\xab\x98\0"
    "\xe5\xbe\x88\xe5\xa5\xbd\xe7\x9a\x84\0"
    "\xe5\xbe\x88\xe5\xae\xb9\xe6\x98\x93\0"
    "\xe5\xbe\x88\xe5\xa4\xa7\xe7\x9a\x84\0"
    "\xe5\xbe\x88\xe5\x96\x9c\xe6\xac\xa2\0"
    "\xe5\xbe\x88\xe4\xb8\x8d\xe9\x94\x99\0"
    "\xe5\xbe\x88\xe9\x87\x8d\xe8\xa6\x81\0"
    "\xe5\xbe\x8b\xe5\xb8\x88\0"
    "\xe5\xbe\x97\xe5\x88\xb0\0"
    "\xe5\xbe\x97\xe4\xba\x86\0"
    "\xe5\xbe\x97\xe5\xa4\x9a\0"
    "\xe5\xbe\x97\xe7\x9f\xa5\0"
    "\xe5\xbe\x97\xe4\xbb\xa5\0"
    "\xe5\xbe\x97\xe5\xbe\x88\0"
    "\xe5\xbe\x97\xe5\x87\xba\0"
    "\xe5\xbe\x97\xe5\x88\x86\0"
    "\xe5\xbe\x97\xe4\xb8\x8d\xe5\x88\xb0\0"
    "\xe5\xbe\xaa\xe7\x8e\xaf\0"
    "\xe5\xbe\xae\xe8\xbd\xaf\0"
    "\xe5\xbe\xae\xe7\xac\x91\0"
    "\xe5\xbe\xb7\xe5\x9b\xbd\0"
    "\xe5\xbe\xb7\xe6\x89\x8d\xe5\x85\xbc\xe5\xa4\x87\0"
    "\xe5\xbe\xb7\xe8\x89\xba\xe5\x8f\x8c\xe9\xa6\xa8\0"
    "\xe5\xbf\x83\xe9\x87\x8c\0"
    "\xe5\xbf\x83\xe6\x83\x85\0"
    "\xe5\xbf\x83\xe7\x90\x86\0"
    "\xe5\xbf\x83\xe4\xb8\xad\0"
    "\xe5\xbf\x83\xe6\x80\x81\0"
    "\xe5\xbf\x83\xe7\x81\xb5\0"
    "\xe5\xbf\x83\xe6\x9c\x8d\xe5\x8f\xa3\xe6\x9c\x8d\0"
    "\xe5\xbf\x83\xe6\x80\x9d\0"
    "\xe5\xbf\x83\xe8\x84\x8f\0"
    "\xe5\xbf\x83\xe7\x96\xbc\0"
    "\xe5\xbf\x83\xe6\xbd\xae\xe6\xbe\x8e\xe6\xb9\x83\0"
    "\xe5\xbf\x83\xe6\x83\x8a\xe8\x83\x86\xe6\x88\x98\0"
    "\xe5\xbf\x85\xe9\xa1\xbb\0"
    "\xe5\xbf\x85\xe8\xa6\x81\0"
    "\xe5\xbf\x85\xe7\x84\xb6\0"
    "\xe5\xbf\x85\xe4\xba\x89\xe4\xb9\x8b\xe5\x9c\xb0\0"
    "\xe5\xbf\x8d\xe4\xbf\x8a\xe4\xb8\x8d\xe7\xa6\x81\0"
    "\xe5\xbf\x8d\xe4\xb8\x8d\xe4\xbd\x8f\0"
    "\xe5\xbf\x8d\xe5\x8f\x97\0"
    "\xe5\xbf\x97\xe6\x84\xbf\xe8\x80\x85\0"
    "\xe5\xbf\x98\xe8\xae\xb0\0"
    "\xe5\xbf\x98\xe4\xba\x86\0"
    "\xe5\xbf\x99\xe7\x9d\x80\0"
    "\xe5\xbf\xab\xe4\xb9\x90\0"
    "\xe5\xbf\xab\xe9\x80\x9f\0"
    "\xe5\xbf\xab\xe9\x80\x92\0"
    "\xe5\xbf\xab\xe7\x82\xb9\0"
    "\xe5\xbf\xab\xe9\xa9\xac\xe5\x8a\xa0\xe9\x9e\xad\0"
    "\xe5\xbf\xbd\xe7\x84\xb6\0"
    "\xe5\xbf\xbd\xe6\x82\xa0\0"
    "\xe5\xbf\xbd\xe7\x95\xa5\0"
    "\xe6\x80\x80\xe7\x96\x91\0"
    "\xe6\x80\x80\xe6\x81\xa8\xe5\x9c\xa8\xe5\xbf\x83\0"
    "\xe6\x80\x80\xe5\xad\x95\0"
    "\xe6\x80\x80\xe5\xbf\xb5\0"
    "\xe6\x80\x81\xe5\xba\xa6\0"
    "\xe6\x80\x8e\xe4\xb9\x88\0"
    "\xe6\x80\x8e\xe4\xb9\x88\xe6\xa0\xb7\0"
    "\xe6\x80\x8e\xe6\xa0\xb7\0"
    "\xe6\x80\x8e\xe4\xb9\x88\xe5\x8a\x9e\0"
    "\xe6\x80\x8e\xe4\xb9\x88\xe5\x9b\x9e\xe4\xba\x8b\0"
    "\xe6\x80\x9d\xe6\x83\xb3\0"
    "\xe6\x80\x9d\xe8\x80\x83\0"
    "\xe6\x80\x9d\xe8\xb7\xaf\0"
    "\xe6\x80\x9d\xe7\xbb\xb4\0"
    "\xe6\x80\x9d\xe5\xbf\xb5\0"
    "\xe6\x80\xa5\xe8\xbd\xac\xe7\x9b\xb4\xe4\xb8\x8b\0"
    "\xe6\x80\xa5\xe4\xba\x8e\xe6\xb1\x82\xe6\x88\x90\0"
    "\xe6\x80\xa7\xe8\x83\xbd\0"
    "\xe6\x80\xa7\xe6\xa0\xbc\0"
    "\xe6\x80\xa7\xe8\xb4\xa8\0"
    "\xe6\x80\xa7\xe6\x84\x9f\0"
    "\xe6\x80\xa7\xe4\xbb\xb7\xe6\xaf\x94\0"
    "\xe6\x80\xa8\xe5\xa3\xb0\xe8\xbd\xbd\xe9\x81\x93\0"
    "\xe6\x80\xaa\xe4\xb8\x8d\xe5\xbe\x97\0"
    "\xe6\x80\xbb\xe6\x98\xaf\0"
    "\xe6\x80\xbb\xe7\xbb\x93\0"
    "\xe6\x80\xbb\xe4\xbd\x93\0"
    "\xe6\x80\xbb\xe7\xbb\x8f\xe7\x90\x86\0"
    "\xe6\x80\xbb\xe9\x83\xa8\0"
    "\xe6\x80\xbb\xe7\xbb\x9f\0"
    "\xe6\x80\xbb\xe8\xa3\x81\0"
    "\xe6\x80\xbb\xe7\x90\x86\0"
    "\xe6\x80\xbb\xe4\xb9\x8b\0"
    "\xe6\x80\xbb\xe4\xbc\x9a\0"
    "\xe6\x80\xbb\xe7\xae\x97\0"
    "\xe6\x80\xbb\xe5\x85\xb1\0"
    "\xe6\x80\xbb\xe9\x87\x8f\0"
    "\xe6\x80\xbb\xe6\x9c\x89\0"
    "\xe6\x81\x8b\xe7\x88\xb1\0"
    "\xe6\x81\x90\xe6\x80\x96\0"
    "\xe6\x81\x90\xe6\x80\x95\0"
    "\xe6\x81\x90\xe6\x83\xa7\0"
    "\xe6\x81\xa2\xe5\xa4\x8d\0"
    "\xe6\x81\xad\xe5\x96\x9c\0"
    "\xe6\x81\xaf\xe4\xba\x8b\xe5\xae\x81\xe4\xba\xba\0"
    "\xe6\x81\xb6\xe5\xbf\x83\0"
    "\xe6\x81\xb6\xe5\x8a\xa3\0"
    "\xe6\x81\xb6\xe6\x84\x8f\0"
    "\xe6\x81\xb6\xe9\xad\x94\0"
    "\xe6\x82\x84\xe6\x82\x84\0"
    "\xe6\x82\xa3\xe8\x80\x85\0"
    "\xe6\x82\xa3\xe9\x9a\xbe\xe4\xb8\x8e\xe5\x85\xb1\0"
    "\xe6\x82\xa8\xe7\x9a\x84\0"
    "\xe6\x82\xa8\xe5\xa5\xbd\0"
    "\xe6\x82\xac\xe8\x80\x8c\xe6\x9c\xaa\xe5\x86\xb3\0"
    "\xe6\x82\xb2\xe7\x97\x9b\xe6\xac\xb2\xe7\xbb\x9d\0"
    "\xe6\x82\xb2\xe5\x93\x80\0"
    "\xe6\x82\xb2\xe4\xbc\xa4\0"
    "\xe6\x82\xb2\xe5\x89\xa7\0"
    "\xe6\x83\x85\xe5\x86\xb5\0"
    "\xe6\x83\x85\xe7\xbb\xaa\0"
    "\xe6\x83\x85\xe6\x84\x9f\0"
    "\xe6\x83\x85\xe4\xba\xba\0"
    "\xe6\x83\x85\xe8\x8a\x82\0"
    "\xe6\x83\x85\xe5\xbd\xa2\0"
    "\xe6\x83\x85\xe6\x9c\x89\xe5\x8f\xaf\xe5\x8e\x9f\0"
    "\xe6\x83\x85\xe6\x99\xaf\0"
    "\xe6\x83\x8a\xe9\xad\x82\xe6\x9c\xaa\xe5\xae\x9a\0"
    "\xe6\x83\x8a\xe5\x96\x9c\0"
    "\xe6\x83\x8a\xe8\xae\xb6\0"
    "\xe6\x83\x8a\xe4\xba\xba\0"
    "\xe6\x83\x8a\xe5\x8f\xb9\xe4\xb8\x8d\xe5\xb7\xb2\0"
    "\xe6\x83\x9f\xe5\xa6\x99\xe6\x83\x9f\xe8\x82\x96\0"
    "\xe6\x83\xb3\xe5\x88\xb0\0"
    "\xe6\x83\xb3\xe6\xb3\x95\0"
    "\xe6\x83\xb3\xe8\xb5\xb7\0"
    "\xe6\x83\xb3\xe6\x83\xb3\0"
    "\xe6\x83\xb3\xe8\xa6\x81\0"
    "\xe6\x83\xb3\xe8\xb1\xa1\0"
    "\xe6\x83\xb3\xe7\x9d\x80\0"
    "\xe6\x83\xb3\xe5\x8e\xbb\0"
    "\xe6\x83\xb3\xe5\x83\x8f\0"
    "\xe6\x83\xb3\xe8\xbf\x87\0"
    "\xe6\x83\xb3\xe4\xbd\xa0\0"
    "\xe6\x83\xb3\xe8\xb5\xb7\xe6\x9d\xa5\0"
    "\xe6\x84\x89\xe5\xbf\xab\0"
    "\xe6\x84\x8f\xe6\x80\x9d\0"
    "\xe6\x84\x8f\xe8\xa7\x81\0"
    "\xe6\x84\x8f\xe4\xb9\x89\0"
    "\xe6\x84\x8f\xe8\xaf\x86\0"
    "\xe6\x84\x8f\xe5\x91\xb3\xe7\x9d\x80\0"
    "\xe6\x84\x8f\xe5\xa4\x96\0"
    "\xe6\x84\x8f\xe5\xa4\xa7\xe5\x88\xa9\0"
    "\xe6\x84\x8f\xe5\x91\xb3\0"
    "\xe6\x84\x8f\xe5\xbf\x97\0"
    "\xe6\x84\x9f\xe8\xa7\x89\0"
    "\xe6\x84\x9f\xe6\x83\x85\0"
    "\xe6\x84\x9f\xe5\x88\xb0\0"
    "\xe6\x84\x9f\xe5\x8f\x97\0"
    "\xe6\x84\x9f\xe8\xb0\xa2\0"
    "\xe6\x84\x9f\xe5\x8a\xa8\0"
    "\xe6\x84\x9f\xe6\x9f\x93\0"
    "\xe6\x84\x9f\xe5\x86\x92\0"
    "\xe6\x84\x9f\xe5\x85\xb4\xe8\xb6\xa3\0"
    "\xe6\x84\x9f\xe6\x85\xa8\0"
    "\xe6\x84\x9f\xe6\xbf\x80\0"
    "\xe6\x84\xa4\xe6\x80\x92\0"
    "\xe6\x84\xbf\xe6\x84\x8f\0"
    "\xe6\x84\xbf\xe6\x9c\x9b\0"
    "\xe6\x85\x95\xe5\x90\x8d\xe8\x80\x8c\xe6\x9d\xa5\0"
    "\xe6\x85\xa2\xe6\x85\xa2\0"
    "\xe6\x85\xb7\xe6\x85\xa8\xe8\xa7\xa3\xe5\x9b\x8a\0"
    "\xe6\x85\xb7\xe6\x85\xa8\xe6\xbf\x80\xe6\x98\x82\0"
    "\xe6\x86\xa8\xe6\x80\x81\xe5\x8f\xaf\xe6\x8e\xac\0"
    "\xe6\x87\x82\xe5\xbe\x97\0"
    "\xe6\x87\x92\xe5\xbe\x97\0"
    "\xe6\x88\x90\xe4\xb8\xba\0"
    "\xe6\x88\x90\xe5\x8a\x9f\0"
    "\xe6\x88\x90\xe6\x9c\xac\0"
    "\xe6\x88\x90\xe4\xba\x86\0"
    "\xe6\x88\x90\xe7\xbb\xa9\0"
    "\xe6\x88\x90\xe9\x83\xbd\0"
    "\xe6\x88\x90\xe7\xab\x8b\0"
    "\xe6\x88\x90\xe7\x86\x9f\0"
    "\xe6\x88\x90\xe5\x91\x98\0"
    "\xe6\x88\x90\xe9\x95\xbf\0"
    "\xe6\x88\x90\xe6\x9e\x9c\0"
    "\xe6\x88\x90\xe5\xb0\xb1\0"
    "\xe6\x88\x90\xe4\xba\xba\0"
    "\xe6\x88\x90\xe7\xbe\xa4\xe7\xbb\x93\xe9\x98\x9f\0"
    "\xe6\x88\x90\xe5\xae\xb6\xe7\xab\x8b\xe4\xb8\x9a\0"
    "\xe6\x88\x90\xe5\x88\x86\0"
    "\xe6\x88\x91\xe4\xbb\xac\0"
    "\xe6\x88\x91\xe7\x9a\x84\0"
    "\xe6\x88\x91\xe5\x9b\xbd\0"
    "\xe6\x88\x91\xe6\x98\xaf\0"
    "\xe6\x88\x91\xe4\xb9\x9f\0"
    "\xe6\x88\x91\xe6\x83\xb3\0"
    "\xe6\x88\x91\xe5\xb0\xb1\0"
    "\xe6\x88\x91\xe5\x9c\xa8\0"
    "\xe6\x88\x91\xe8\xa6\x81\0"
    "\xe6\x88\x91\xe4\xb8\x8d\0"
    "\xe6\x88\x91\xe8\xaf\xb4\0"
    "\xe6\x88\x91\xe8\xbf\x98\0"
    "\xe6\x88\x91\xe9\x83\xbd\0"
    "\xe6\x88\x91\xe5\x8e\xbb\0"
    "\xe6\x88\x91\xe5\xae\xb6\0"
    "\xe6\x88\x91\xe7\x9c\x8b\0"
    "\xe6\x88\x92\xe5\xa4\x87\xe6\xa3\xae\xe4\xb8\xa5\0"
    "\xe6\x88\x92\xe6\x8c\x87\0"
    "\xe6\x88\x96\xe8\x80\x85\0"
    "\xe6\x88\x96\xe8\xae\xb8\0"
    "\xe6\x88\x96\xe6\x98\xaf\0"
    "\xe6\x88\x98\xe7\x95\xa5\0"
    "\xe6\x88\x98\xe5\xa3\xab\0"
    "\xe6\x88\x98\xe4\xba\x89\0"
    "\xe6\x88\x98\xe6\x96\x97\0"
    "\xe6\x88\x98\xe5\x9c\xba\0"
    "\xe6\x88\x98\xe6\x9c\xaf\0"
    "\xe6\x88\x98\xe8\x83\x9c\0"
    "\xe6\x88\x9b\xe7\x84\xb6\xe8\x80\x8c\xe6\xad\xa2\0"
    "\xe6\x88\xaa\xe5\x9b\xbe\0"
    "\xe6\x88\xb7\xe5\x8f\xa3\0"
    "\xe6\x88\xbf\xe5\xad\x90\0"
    "\xe6\x88\xbf\xe9\x97\xb4\0"
    "\xe6\x88\xbf\xe4\xbb\xb7\0"
    "\xe6\x88\xbf\xe5\x9c\xb0\xe4\xba\xa7\0"
    "\xe6\x88\xbf\xe5\xb1\x8b\0"
    "\xe6\x88\xbf\xe4\xba\xa7\0"
    "\xe6\x89\x80\xe4\xbb\xa5\0"
    "\xe6\x89\x80\xe6\x9c\x89\0"
    "\xe6\x89\x80\xe8\xb0\x93\0"
    "\xe6\x89\x80\xe5\x9c\xa8\0"
    "\xe6\x89\x80\xe8\xaf\xb4\0"
    "\xe6\x89\x80\xe9\x9c\x80\0"
    "\xe6\x89\x80\xe6\x9c\x89\xe4\xba\xba\0"
    "\xe6\x89\x8b\xe6\x9c\xba\0"
    "\xe6\x89\x8b\xe6\xae\xb5\0"
    "\xe6\x89\x8b\xe6\x9c\xaf\0"
    "\xe6\x89\x8b\xe4\xb8\xad\0"
    "\xe6\x89\x8b\xe9\x87\x8c\0"
    "\xe6\x89\x8b\xe7\xbb\xad\0"
    "\xe6\x89\x8b\xe6\x8c\x87\0"
    "\xe6\x89\x8b\xe4\xb8\x8a\0"
    "\xe6\x89\x8b\xe5\x86\x8c\0"
    "\xe6\x89\x8b\xe5\x8a\xa8\0"
    "\xe6\x89\x8b\xe6\x97\xa0\xe5\xaf\xb8\xe9\x93\x81\0"
    "\xe6\x89\x8b\xe6\xb3\x95\0"
    "\xe6\x89\x8b\xe5\xb7\xa5\0"
    "\xe6\x89\x8b\xe7\xbb\xad\xe8\xb4\xb9\0"
    "\xe6\x89\x8d\xe8\x83\xbd\0"
    "\xe6\x89\x8d\xe6\x98\xaf\0"
    "\xe6\x89\x8d\xe4\xbc\x9a\0"
    "\xe6\x89\x8d\xe6\x9c\x89\0"
    "\xe6\x89\x8d\xe7\x9f\xa5\xe9\x81\x93\0"
    "\xe6\x89\x8d\xe8\xa1\x8c\0"
    "\xe6\x89\x8d\xe5\x8f\x91\xe7\x8e\xb0\0"
    "\xe6\x89\x93\xe5\xbc\x80\0"
    "\xe6\x89\x93\xe7\xae\x97\0"
    "\xe6\x89\x93\xe7\x94\xb5\xe8\xaf\x9d\0"
    "\xe6\x89\x93\xe5\x87\xbb\0"
    "\xe6\x89\x93\xe5\x8d\xb0\0"
    "\xe6\x89\x93\xe9\x80\xa0\0"
    "\xe6\x89\x93\xe5\xb7\xa5\0"
    "\xe6\x89\x93\xe6\x88\x90\xe4\xb8\x80\xe7\x89\x87\0"
    "\xe6\x89\x93\xe8\x8d\x89\xe6\x83\x8a\xe8\x9b\x87\0"
    "\xe6\x89\x93\xe5\xad\x97\0"
    "\xe6\x89\x93\xe7\xa0\xb4\0"
    "\xe6\x89\x93\xe7\x90\x83\0"
    "\xe6\x89\x93\xe7\xa0\xb4\xe5\xb8\xb8\xe8\xa7\x84\0"
    "\xe6\x89\x93\xe6\x9e\xb6\0"
    "\xe6\x89\x93\xe6\x89\xb0\0"
    "\xe6\x89\x93\xe6\xad\xbb\0"
    "\xe6\x89\xa7\xe8\xa1\x8c\0"
    "\xe6\x89\xa7\xe6\xb3\x95\0"
    "\xe6\x89\xa7\xe7\x9d\x80\0"
    "\xe6\x89\xa9\xe5\xa4\xa7\0"
    "\xe6\x89\xa9\xe5\xb1\x95\0"
    "\xe6\x89\xa9\xe5\xbc\xa0\0"
    "\xe6\x89\xab\xe6\x8f\x8f\0"
    "\xe6\x89\xac\xe9\x95\xbf\xe8\x80\x8c\xe5\x8e\xbb\0"
    "\xe6\x89\xac\xe9\x95\xbf\xe9\x81\xbf\xe7\x9f\xad\0"
    "\xe6\x89\xae\xe6\xbc\x94\0"
    "\xe6\x89\xb6\xe5\x8d\xb1\xe6\xb5\x8e\xe5\x9b\xb0\0"
    "\xe6\x89\xb6\xe6\x8c\x81\0"
    "\xe6\x89\xb9\xe5\x87\x86\0"
    "\xe6\x89\xb9\xe8\xaf\x84\0"
    "\xe6\x89\xbe\xe5\x88\xb0\0"
    "\xe6\x89\xbe\xe4\xb8\xaa\0"
    "\xe6\x89\xbe\xe4\xbd\xa0\0"
    "\xe6\x89\xbe\xe6\x88\x91\0"
    "\xe6\x89\xbe\xe6\x89\xbe\0"
    "\xe6\x89\xbe\xe4\xba\xba\0"
    "\xe6\x89\xbf\xe6\x8b\x85\0"
    "\xe6\x89\xbf\xe8\xae\xa4\0"
    "\xe6\x89\xbf\xe5\x89\x8d\xe5\x90\xaf\xe5\x90\x8e\0"
    "\xe6\x89\xbf\xe8\xaf\xba\0"
    "\xe6\x89\xbf\xe4\xb8\x8a\xe5\x90\xaf\xe4\xb8\x8b\0"
    "\xe6\x89\xbf\xe5\x8f\x97\0"
    "\xe6\x8a\x80\xe6\x9c\xaf\0"
    "\xe6\x8a\x80\xe8\x83\xbd\0"
    "\xe6\x8a\x80\xe5\xb7\xa7\0"
    "\xe6\x8a\x8a\xe6\x8f\xa1\0"
    "\xe6\x8a\x8a\xe6\x88\x91\0"
    "\xe6\x8a\x8a\xe5\xae\x83\0"
    "\xe6\x8a\x8a\xe4\xbd\xa0\0"
    "\xe6\x8a\x8a\xe4\xbb\x96\0"
    "\xe6\x8a\x8a\xe5\xa5\xb9\0"
    "\xe6\x8a\x91\xe5\x88\xb6\0"
    "\xe6\x8a\x93\xe4\xbd\x8f\0"
    "\xe6\x8a\x93\xe7\xb4\xa7\0"
    "\xe6\x8a\x93\xe5\xa5\xbd\0"
    "\xe6\x8a\x95\xe8\xb5\x84\0"
    "\xe6\x8a\x95\xe5\x85\xa5\0"
    "\xe6\x8a\x95\xe8\xb5\x84\xe8\x80\x85\0"
    "\xe6\x8a\x95\xe8\xaf\x89\0"
    "\xe6\x8a\x95\xe7\xa5\xa8\0"
    "\xe6\x8a\x95\xe6\x9c\xba\xe5\x8f\x96\xe5\xb7\xa7\0"
    "\xe6\x8a\x98\xe8\x85\xbe\0"
    "\xe6\x8a\x98\xe7\xa3\xa8\0"
    "\xe6\x8a\x9b\xe5\xbc\x83\0"
    "\xe6\x8a\xa4\xe7\x90\x86\0"
    "\xe6\x8a\xa5\xe5\x91\x8a\0"
    "\xe6\x8a\xa5\xe9\x81\x93\0"
    "\xe6\x8a\xa5\xe4\xbb\xb7\0"
    "\xe6\x8a\xa5\xe5\x90\x8d\0"
    "\xe6\x8a\xa5\xe7\xba\xb8\0"
    "\xe6\x8a\xa5\xe8\xa1\xa8\0"
    "\xe6\x8a\xa5\xe6\x95\x88\xe7\xa5\x96\xe5\x9b\xbd\0"
    "\xe6\x8a\xa5\xe9\x94\x80\0"
    "\xe6\x8a\xa5\xe8\xad\xa6\0"
    "\xe6\x8a\xab\xe8\x8d\x86\xe6\x96\xa9\xe6\xa3\x98\0"
    "\xe6\x8a\xab\xe9\x9c\xb2\0"
    "\xe6\x8a\xb1\xe7\x9d\x80\0"
    "\xe6\x8a\xb1\xe6\xad\x89\0"
    "\xe6\x8a\xb1\xe6\x80\xa8\0"
    "\xe6\x8a\xb1\xe5\xa4\xb4\xe7\x97\x9b\xe5\x93\xad\0"
    "\xe6\x8a\xbd\xe7\x83\x9f\0"
    "\xe6\x8b\x85\xe5\xbf\x83\0"
    "\xe6\x8b\x85\xe4\xbb\xbb\0"
    "\xe6\x8b\x85\xe6\x83\x8a\xe5\x8f\x97\xe6\x80\x95\0"
    "\xe6\x8b\x89\xe5\xb8\xae\xe7\xbb\x93\xe6\xb4\xbe\0"
    "\xe6\x8b\x89\xe5\xbc\x80\0"
    "\xe6\x8b\x8d\xe6\x91\x84\0"
    "\xe6\x8b\x8d\xe6\x89\x8b\xe7\xa7\xb0\xe5\xbf\xab\0"
    "\xe6\x8b\x8d\xe5\x8d\x96\0"
    "\xe6\x8b\x8d\xe7\x85\xa7\0"
    "\xe6\x8b\x92\xe7\xbb\x9d\0"
    "\xe6\x8b\x93\xe5\xb1\x95\0"
    "\xe6\x8b\x9b\xe8\x81\x98\0"
    "\xe6\x8b\x9b\xe6\x91\x87\xe6\x92\x9e\xe9\xaa\x97\0"
    "\xe6\x8b\x9b\xe5\x95\x86\0"
    "\xe6\x8b\x9b\xe6\x94\xb6\0"
    "\xe6\x8b\x9b\xe7\x94\x9f\0"
    "\xe6\x8b\x9b\xe5\x91\xbc\0"
    "\xe6\x8b\x9b\xe5\x85\xb5\xe4\xb9\xb0\xe9\xa9\xac\0"
    "\xe6\x8b\x9b\xe8\xa1\x8c\0"
    "\xe6\x8b\x9b\xe6\xa0\x87\0"
    "\xe6\x8b\x9c\xe6\x8b\x9c\0"
    "\xe6\x8b\x9c\xe6\x89\x98\0"
    "\xe6\x8b\xa5\xe6\x9c\x89\0"
    "\xe6\x8b\xa5\xe6\x8a\xb1\0"
    "\xe6\x8b\xa8\xe4\xb9\xb1\xe5\x8f\x8d\xe6\xad\xa3\0"
    "\xe6\x8b\xb3\xe6\x89\x93\xe8\x84\x9a\xe8\xb8\xa2\0"
    "\xe6\x8b\xbc\xe9\x9f\xb3\0"
    "\xe6\x8b\xbc\xe5\x91\xbd\0"
    "\xe6\x8b\xbe\xe9\x87\x91\xe4\xb8\x8d\xe6\x98\xa7\0"
    "\xe6\x8b\xbf\xe5\x88\xb0\0"
    "\xe6\x8b\xbf\xe7\x9d\x80\0"
    "\xe6\x8b\xbf\xe5\x87\xba\0"
    "\xe6\x8b\xbf\xe6\x9d\xa5\0"
    "\xe6\x8b\xbf\xe5\x87\xba\xe6\x9d\xa5\0"
    "\xe6\x8c\x81\xe7\xbb\xad\0"
    "\xe6\x8c\x81\xe6\x9c\x89\0"
    "\xe6\x8c\x87\xe5\xaf\xbc\0"
    "\xe6\x8c\x87\xe5\x87\xba\0"
    "\xe6\x8c\x87\xe6\xa0\x87\0"
    "\xe6\x8c\x87\xe5\xae\x9a\0"
    "\xe6\x8c\x87\xe6\x95\xb0\0"
    "\xe6\x8c\x87\xe6\x8c\xa5\0"
    "\xe6\x8c\x87\xe7\xa4\xba\0"
    "\xe6\x8c\x87\xe4\xbb\xa4\0"
    "\xe6\x8c\x87\xe7\x82\xb9\0"
    "\xe6\x8c\x87\xe8\xb4\xa3\0"
    "\xe6\x8c\x89\xe7\x85\xa7\0"
    "\xe6\x8c\x89\xe9\x92\xae\0"
    "\xe6\x8c\x89\xe6\x91\xa9\0"
    "\xe6\x8c\x89\xe5\x85\xb5\xe4\xb8\x8d\xe5\x8a\xa8\0"
    "\xe6\x8c\x91\xe6\x88\x98\0"
    "\xe6\x8c\x91\xe9\x80\x89\0"
    "\xe6\x8c\x96\xe7\xa9\xba\xe5\xbf\x83\xe6\x80\x9d\0"
    "\xe6\x8c\x96\xe6\x8e\x98\0"
    "\xe6\x8c\xa3\xe9\x92\xb1\0"
    "\xe6\x8c\xa3\xe6\x89\x8e\0"
    "\xe6\x8c\xa5\xe6\xb1\x97\xe5\xa6\x82\xe9\x9b\xa8\0"
    "\xe6\x8c\xa8\xe5\xae\xb6\xe6\x8c\xa8\xe6\x88\xb7\0"
    "\xe6\x8c\xaf\xe5\xa5\x8b\xe4\xba\xba\xe5\xbf\x83\0"
    "\xe6\x8c\xaf\xe6\x8c\xaf\xe6\x9c\x89\xe8\xaf\x8d\0"
    "\xe6\x8c\xba\xe5\xa5\xbd\0"
    "\xe6\x8d\x90\xe6\xac\xbe\0"
    "\xe6\x8d\x9f\xe5\xa4\xb1\0"
    "\xe6\x8d\x9f\xe5\xae\xb3\0"
    "\xe6\x8d\x9f\xe5\x9d\x8f\0"
    "\xe6\x8d\xa2\xe4\xb8\xaa\0"
    "\xe6\x8d\xa2\xe6\x88\x90\0"
    "\xe6\x8d\xae\xe8\xaf\xb4\0"
    "\xe6\x8d\xae\xe4\xb8\xba\xe5\xb7\xb1\xe6\x9c\x89\0"
    "\xe6\x8d\xae\xe7\x90\x86\xe5\x8a\x9b\xe4\xba\x89\0"
    "\xe6\x8e\x88\xe6\x9d\x83\0"
    "\xe6\x8e\x89\xe7\xba\xbf\0"
    "\xe6\x8e\x8c\xe6\x8f\xa1\0"
    "\xe6\x8e\x92\xe5\x90\x8d\0"
    "\xe6\x8e\x92\xe9\x99\xa4\0"
    "\xe6\x8e\x92\xe9\x98\x9f\0"
    "\xe6\x8e\xa2\xe8\xae\xa8\0"
    "\xe6\x8e\xa2\xe7\xb4\xa2\0"
    "\xe6\x8e\xa5\xe5\x8f\x97\0"
    "\xe6\x8e\xa5\xe5\x8f\xa3\0"
    "\xe6\x8e\xa5\xe8\xa7\xa6\0"
    "\xe6\x8e\xa5\xe8\xbf\x91\0"
    "\xe6\x8e\xa5\xe7\x9d\x80\0"
    "\xe6\x8e\xa5\xe5\x88\xb0\0"
    "\xe6\x8e\xa5\xe6\x94\xb6\0"
    "\xe6\x8e\xa5\xe4\xb8\x8b\xe6\x9d\xa5\0"
    "\xe6\x8e\xa5\xe8\xbf\x9e\xe4\xb8\x8d\xe6\x96\xad\0"
    "\xe6\x8e\xa5\xe5\xbe\x85\0"
    "\xe6\x8e\xa5\xe5\x85\xa5\0"
    "\xe6\x8e\xa7\xe5\x88\xb6\0"
    "\xe6\x8e\xa7\xe4\xbb\xb6\0"
    "\xe6\x8e\xa7\xe8\x82\xa1\0"
    "\xe6\x8e\xa8\xe8\x8d\x90\0"
    "\xe6\x8e\xa8\xe5\x87\xba\0"
    "\xe6\x8e\xa8\xe5\xb9\xbf\0"
    "\xe6\x8e\xa8\xe8\xbf\x9b\0"
    "\xe6\x8e\xa8\xe5\x8a\xa8\0"
    "\xe6\x8e\xa8\xe8\xa1\x8c\0"
    "\xe6\x8e\xa9\xe4\xba\xba\xe8\x80\xb3\xe7\x9b\xae\0"
    "\xe6\x8e\xaa\xe6\x96\xbd\0"
    "\xe6\x8e\xb7\xe5\x9c\xb0\xe6\x9c\x89\xe5\xa3\xb0\0"
    "\xe6\x8f\x8f\xe8\xbf\xb0\0"
    "\xe6\x8f\x90\xe4\xbe\x9b\0"
    "\xe6\x8f\x90\xe9\xab\x98\0"
    "\xe6\x8f\x90\xe5\x87\xba\0"
    "\xe6\x8f\x90\xe5\x8d\x87\0"
    "\xe6\x8f\x90\xe7\xa4\xba\0"
    "\xe6\x8f\x90\xe5\x89\x8d\0"
    "\xe6\x8f\x90\xe4\xba\xa4\0"
    "\xe6\x8f\x90\xe9\x86\x92\0"
    "\xe6\x8f\x90\xe5\x88\xb0\0"
    "\xe6\x8f\x90\xe5\x8f\x96\0"
    "\xe6\x8f\x90\xe8\xb5\xb7\0"
    "\xe6\x8f\x90\xe9\x97\xae\0"
    "\xe6\x8f\x92\xe4\xbb\xb6\0"
    "\xe6\x8f\x92\xe5\x85\xa5\0"
    "\xe6\x90\x9c\xe7\xb4\xa2\0"
    "\xe6\x90\x9c\xe7\xb4\xa2\xe5\xbc\x95\xe6\x93\x8e\0"
    "\xe6\x90\x9e\xe5\xae\x9a\0"
    "\xe6\x90\x9e\xe7\xac\x91\0"
    "\xe6\x90\x9e\xe5\xbe\x97\0"
    "\xe6\x90\x9e\xe5\xa5\xbd\0"
    "\xe6\x90\xac\xe5\xae\xb6\0"
    "\xe6\x90\xad\xe9\x85\x8d\0"
    "\xe6\x91\x84\xe5\xbd\xb1\0"
    "\xe6\x91\x84\xe5\x83\x8f\xe5\xa4\xb4\0"
    "\xe6\x91\x86\xe8\x84\xb1\0"
    "\xe6\x91\xa9\xe6\x8b\xb3\xe6\x93\xa6\xe6\x8e\x8c\0"
    "\xe6\x91\xa9\xe8\x82\xa9\xe6\x8e\xa5\xe8\xb8\xb5\0"
    "\xe6\x92\xad\xe6\x94\xbe\0"
    "\xe6\x92\xad\xe6\x94\xbe\xe5\x99\xa8\0"
    "\xe6\x93\x8d\xe4\xbd\x9c\0"
    "\xe6\x93\x8d\xe4\xbd\x9c\xe7\xb3\xbb\xe7\xbb\x9f\0"
    "\xe6\x93\x8d\xe4\xb9\x8b\xe8\xbf\x87\xe6\x80\xa5\0"
    "\xe6\x94\xaf\xe6\x8c\x81\0"
    "\xe6\x94\xaf\xe4\xbb\x98\0"
    "\xe6\x94\xaf\xe6\x92\x91\0"
    "\xe6\x94\xaf\xe6\x94\xaf\xe5\x90\xbe\xe5\x90\xbe\0"
    "\xe6\x94\xaf\xe4\xbb\x98\xe5\xae\x9d\0"
    "\xe6\x94\xaf\xe5\x87\xba\0"
    "\xe6\x94\xb6\xe5\x88\xb0\0"
    "\xe6\x94\xb6\xe5\x85\xa5\0"
    "\xe6\x94\xb6\xe8\xb4\xb9\0"
    "\xe6\x94\xb6\xe8\xb4\xad\0"
    "\xe6\x94\xb6\xe7\x9b\x8a\0"
    "\xe6\x94\xb6\xe8\x97\x8f\0"
    "\xe6\x94\xb6\xe9\x9b\x86\0"
    "\xe6\x94\xb6\xe8\x8e\xb7\0"
    "\xe6\x94\xb6\xe6\x8b\xbe\0"
    "\xe6\x94\xb6\xe5\x8f\x96\0"
    "\xe6\x94\xb9\xe5\x8f\x98\0"
    "\xe6\x94\xb9\xe9\x9d\xa9\0"
    "\xe6\x94\xb9\xe5\x96\x84\0"
    "\xe6\x94\xb9\xe8\xbf\x9b\0"
    "\xe6\x94\xb9\xe9\x80\xa0\0"
    "\xe6\x94\xb9\xe6\x88\x90\0"
    "\xe6\x94\xb9\xe8\xbf\x87\xe8\x87\xaa\xe6\x96\xb0\0"
    "\xe6\x94\xb9\xe4\xb8\xba\0"
    "\xe6\x94\xb9\xe5\xa4\xa9\0"
    "\xe6\x94\xb9\xe9\x9d\xa9\xe5\xbc\x80\xe6\x94\xbe\0"
    "\xe6\x94\xbb\xe5\x87\xbb\0"
    "\xe6\x94\xbe\xe5\x9c\xa8\0"
    "\xe6\x94\xbe\xe5\xbc\x83\0"
    "\xe6\x94\xbe\xe5\xbf\x83\0"
    "\xe6\x94\xbe\xe5\x81\x87\0"
    "\xe6\x94\xbe\xe6\x9d\xbe\0"
    "\xe6\x94\xbe\xe5\x88\xb0\0"
    "\xe6\x94\xbe\xe5\x85\xa5\0"
    "\xe6\x94\xbe\xe4\xb8\x8b\0"
    "\xe6\x94\xbe\xe5\xa4\xa7\0"
    "\xe6\x94\xbe\xe7\x9c\xbc\xe4\xb8\x96\xe7\x95\x8c\0"
    "\xe6\x94\xbe\xe4\xbb\xbb\xe8\x87\xaa\xe6\xb5\x81\0"
    "\xe6\x94\xbf\xe5\xba\x9c\0"
    "\xe6\x94\xbf\xe7\xad\x96\0"
    "\xe6\x94\xbf\xe6\xb2\xbb\0"
    "\xe6\x95\x85\xe4\xba\x8b\0"
    "\xe6\x95\x85\xe6\x84\x8f\0"
    "\xe6\x95\x85\xe9\x9a\x9c\0"
    "\xe6\x95\x88\xe6\x9e\x9c\0"
    "\xe6\x95\x88\xe7\x8e\x87\0"
    "\xe6\x95\x88\xe5\xba\x94\0"
    "\xe6\x95\x88\xe7\x9b\x8a\0"
    "\xe6\x95\x8c\xe4\xba\xba\0"
    "\xe6\x95\x8f\xe6\x84\x9f\0"
    "\xe6\x95\x91\xe6\xad\xbb\xe6\x89\xb6\xe4\xbc\xa4\0"
    "\xe6\x95\x99\xe8\x82\xb2\0"
    "\xe6\x95\x99\xe5\xb8\x88\0"
    "\xe6\x95\x99\xe6\x8e\x88\0"
    "\xe6\x95\x99\xe5\xad\xa6\0"
    "\xe6\x95\x99\xe7\xbb\x83\0"
    "\xe6\x95\x99\xe6\x9d\x90\0"
    "\xe6\x95\x99\xe7\xa8\x8b\0"
    "\xe6\x95\x99\xe5\xae\xa4\0"
    "\xe6\x95\x99\xe8\xae\xad\0"
    "\xe6\x95\xa3\xe6\x88\xb7\0"
    "\xe6\x95\xb0\xe6\x8d\xae\0"
    "\xe6\x95\xb0\xe9\x87\x8f\0"
    "\xe6\x95\xb0\xe6\x8d\xae\xe5\xba\x93\0"
    "\xe6\x95\xb0\xe5\xad\x97\0"
    "\xe6\x95\xb0\xe5\xad\xa6\0"
    "\xe6\x95\xb0\xe7\xa0\x81\0"
    "\xe6\x95\xb2\xe8\xaf\x88\xe5\x8b\x92\xe7\xb4\xa2\0"
    "\xe6\x95\xb2\xe9\x94\xa3\xe6\x89\x93\xe9\xbc\x93\0"
    "\xe6\x95\xb4\xe4\xb8\xaa\0"
    "\xe6\x95\xb4\xe4\xbd\x93\0"
    "\xe6\x95\xb4\xe7\x90\x86\0"
    "\xe6\x95\xb4\xe5\x90\x88\0"
    "\xe6\x95\xb4\xe5\xa4\xa9\0"
    "\xe6\x95\xb4\xe8\xa3\x85\xe5\xbe\x85\xe5\x8f\x91\0"
    "\xe6\x95\xb4\xe6\xb2\xbb\0"
    "\xe6\x95\xb7\xe8\xa1\x8d\xe4\xba\x86\xe4\xba\x8b\0"
    "\xe6\x95\xb7\xe8\xa1\x8d\xe5\xa1\x9e\xe8\xb4\xa3\0"
    "\xe6\x96\x87\xe4\xbb\xb6\0"
    "\xe6\x96\x87\xe5\x8c\x96\0"
    "\xe6\x96\x87\xe7\xab\xa0\0"
    "\xe6\x96\x87\xe5\xad\x97\0"
    "\xe6\x96\x87\xe6\xa1\xa3\0"
    "\xe6\x96\x87\xe6\x98\x8e\0"
    "\xe6\x96\x87\xe5\xad\xa6\0"
    "\xe6\x96\x87\xe4\xbb\xb6\xe5\xa4\xb9\0"
    "\xe6\x96\x87\xe6\x9c\xac\0"
    "\xe6\x96\x87\xe5\xb1\xb1\xe4\xbc\x9a\xe6\xb5\xb7\0"
    "\xe6\x96\x87\xe7\x8c\xae\0"
    "\xe6\x96\x91\xe7\xab\xb9\0"
    "\xe6\x96\x97\xe4\xba\x89\0"
    "\xe6\x96\xb0\xe7\x9a\x84\0"
    "\xe6\x96\xb0\xe9\x97\xbb\0"
    "\xe6\x96\xb0\xe6\xb5\xaa\0"
    "\xe6\x96\xb0\xe7\x96\x86\0"
    "\xe6\x96\xb0\xe9\xb2\x9c\0"
    "\xe6\x96\xb0\xe5\x8a\xa0\xe5\x9d\xa1\0"
    "\xe6\x96\xb0\xe4\xba\xba\0"
    "\xe6\x96\xb0\xe5\xa2\x9e\0"
    "\xe6\x96\xb0\xe5\x9e\x8b\0"
    "\xe6\x96\xb0\xe5\xbb\xba\0"
    "\xe6\x96\xb0\xe5\x8d\x8e\xe7\xbd\x91\0"
    "\xe6\x96\xb0\xe6\x89\x8b\0"
    "\xe6\x96\xb9\xe9\x9d\xa2\0"
    "\xe6\x96\xb9\xe5\xbc\x8f\0"
    "\xe6\x96\xb9\xe6\xb3\x95\0"
    "\xe6\x96\xb9\xe4\xbe\xbf\0"
    "\xe6\x96\xb9\xe6\xa1\x88\0"
    "\xe6\x96\xb9\xe5\x90\x91\0"
    "\xe6\x96\xbd\xe5\xb7\xa5\0"
    "\xe6\x97\x81\xe8\xbe\xb9\0"
    "\xe6\x97\x85\xe6\xb8\xb8\0"
    "\xe6\x97\x85\xe8\xa1\x8c\0"
    "\xe6\x97\x85\xe8\xa1\x8c\xe7\xa4\xbe\0"
    "\xe6\x97\x85\xe5\xae\xa2\0"
    "\xe6\x97\x8b\xe8\xbd\xac\0"
    "\xe6\x97\xa0\xe6\xb3\x95\0"
    "\xe6\x97\xa0\xe7\x8b\xac\xe6\x9c\x89\xe5\x81\xb6\0"
    "\xe6\x97\xa0\xe8\xae\xba\0"
    "\xe6\x97\xa0\xe8\x81\x8a\0"
    "\xe6\x97\xa0\xe5\x8f\xaf\xe4\xba\x89\xe8\xbe\xa9\0"
    "\xe6\x97\xa0\xe6\x89\x80\xe8\xb0\x93\0"
    "\xe6\x97\xa0\xe5\xa5\x88\0"
    "\xe6\x97\xa0\xe7\xba\xbf\0"
    "\xe6\x97\xa0\xe9\x99\x90\0"
    "\xe6\x97\xa0\xe6\x95\xb0\0"
    "\xe6\x97\xa0\xe7\x96\x91\0"
    "\xe6\x97\xa0\xe5\x85\xb3\0"
    "\xe6\x97\xa0\xe6\x89\x80\xe4\xbd\x9c\xe4\xb8\xba\0"
    "\xe6\x97\xa0\xe6\xaf\x94\0"
    "\xe6\x97\xa0\xe6\x95\x8c\0"
    "\xe6\x97\xa0\xe8\xae\xa1\xe5\x8f\xaf\xe6\x96\xbd\0"
    "\xe6\x97\xa2\xe7\x84\xb6\0"
    "\xe6\x97\xa5\xe6\x9c\xac\0"
    "\xe6\x97\xa5\xe5\xad\x90\0"
    "\xe6\x97\xa5\xe6\x9c\x9f\0"
    "\xe6\x97\xa5\xe5\xbf\x97\0"
    "\xe6\x97\xa5\xe5\x89\x8d\0"
    "\xe6\x97\xa5\xe7\xa7\xaf\xe6\x9c\x88\xe7\xb4\xaf\0"
    "\xe6\x97\xa5\xe6\x9c\xac\xe4\xba\xba\0"
    "\xe6\x97\xa5\xe7\x9b\x8a\0"
    "\xe6\x97\xa5\xe5\xb8\xb8\0"
    "\xe6\x97\xa5\xe8\xae\xb0\0"
    "\xe6\x97\xa5\xe8\xaf\xad\0"
    "\xe6\x97\xa9\xe4\xb8\x8a\0"
    "\xe6\x97\xa9\xe7\x82\xb9\0"
    "\xe6\x97\xa9\xe5\xb0\xb1\0"
    "\xe6\x97\xa9\xe5\xb7\xb2\0"
    "\xe6\x97\xa9\xe5\x87\xba\xe6\x99\x9a\xe5\xbd\x92\0"
    "\xe6\x97\xa9\xe6\x9c\x9f\0"
    "\xe6\x97\xa9\xe6\x99\xa8\0"
    "\xe6\x97\xb6\xe5\x80\x99\0"
    "\xe6\x97\xb6\xe9\x97\xb4\0"
    "\xe6\x97\xb6\xe4\xbb\xa3\0"
    "\xe6\x97\xb6\xe6\x9c\x9f\0"
    "\xe6\x97\xb6\xe5\xb0\x9a\0"
    "\xe6\x97\xb6\xe5\x88\xbb\0"
    "\xe6\x97\xb6\xe4\xb8\x8d\xe6\x88\x91\xe5\xbe\x85\0"
    "\xe6\x97\xb6\xe5\x85\x89\0"
    "\xe6\x97\xb6\xe6\x9c\xba\0"
    "\xe6\x97\xb6\xe8\xbf\x87\xe5\xa2\x83\xe8\xbf\x81\0"
    "\xe6\x97\xb7\xe6\x97\xa5\xe6\x8c\x81\xe4\xb9\x85\0"
    "\xe6\x98\x86\xe6\x98\x8e\0"
    "\xe6\x98\x8e\xe5\xa4\xa9\0"
    "\xe6\x98\x8e\xe7\x99\xbd\0"
    "\xe6\x98\x8e\xe6\x98\xbe\0"
    "\xe6\x98\x8e\xe5\xaf\x9f\xe6\x9a\x97\xe8\xae\xbf\0"
    "\xe6\x98\x8e\xe7\xa1\xae\0"
    "\xe6\x98\x8e\xe5\xb9\xb4\0"
    "\xe6\x98\x8e\xe6\x98\x9f\0"
    "\xe6\x98\x8e\xe6\x98\x8e\0"
    "\xe6\x98\x8e\xe8\xbe\xa8\xe6\x98\xaf\xe9\x9d\x9e\0"
    "\xe6\x98\x8f\xe8\xbf\xb7\xe4\xb8\x8d\xe9\x86\x92\0"
    "\xe6\x98\x9f\xe6\x9c\x9f\0"
    "\xe6\x98\x9f\xe7\xbd\x97\xe6\xa3\x8b\xe5\xb8\x83\0"
    "\xe6\x98\x9f\xe6\x98\x9f\0"
    "\xe6\x98\xa5\xe5\xa4\xa9\0"
    "\xe6\x98\xa5\xe8\x8a\x82\0"
    "\xe6\x98\xa5\xe6\x84\x8f\xe7\x9b\x8e\xe7\x84\xb6\0"
    "\xe6\x98\xa5\xe9\xa3\x8e\xe5\x8c\x96\xe9\x9b\xa8\0"
    "\xe6\x98\xa8\xe5\xa4\xa9\0"
    "\xe6\x98\xa8\xe6\x99\x9a\0"
    "\xe6\x98\xa8\xe6\x97\xa5\0"
    "\xe6\x98\xaf\xe4\xb8\x8d\xe6\x98\xaf\0"
    "\xe6\x98\xaf\xe5\x90\xa6\0"
    "\xe6\x98\xaf\xe4\xb8\xaa\0"
    "\xe6\x98\xaf\xe5\x95\x8a\0"
    "\xe6\x98\xaf\xe5\x9c\xa8\0"
    "\xe6\x98\xaf\xe4\xb8\x80\xe7\xa7\x8d\0"
    "\xe6\x98\xaf\xe6\x88\x91\0"
    "\xe6\x98\xaf\xe6\x8c\x87\0"
    "\xe6\x98\xaf\xe4\xbb\x8e\0"
    "\xe6\x98\xaf\xe4\xb8\x8d\0"
    "\xe6\x98\xaf\xe5\x90\x97\0"
    "\xe6\x98\xaf\xe8\xa6\x81\0"
    "\xe6\x98\xaf\xe7\x94\xb1\0"
    "\xe6\x98\xaf\xe4\xbd\xa0\0"
    "\xe6\x98\xaf\xe5\x91\x80\0"
    "\xe6\x98\xaf\xe5\x90\xa7\0"
    "\xe6\x98\xbe\xe7\xa4\xba\0"
    "\xe6\x98\xbe\xe5\xbe\x97\0"
    "\xe6\x98\xbe\xe7\x84\xb6\0"
    "\xe6\x98\xbe\xe5\x8d\xa1\0"
    "\xe6\x98\xbe\xe7\xa4\xba\xe5\x99\xa8\0"
    "\xe6\x98\xbe\xe7\x9d\x80\0"
    "\xe6\x99\x93\xe5\xbe\x97\0"
    "\xe6\x99\x95\xe5\x80\x92\0"
    "\xe6\x99\x95\xe6\xad\xbb\0"
    "\xe6\x99\x9a\xe4\xb8\x8a\0"
    "\xe6\x99\x9a\xe5\xae\x89\0"
    "\xe6\x99\x9a\xe9\xa5\xad\0"
    "\xe6\x99\xae\xe9\x80\x9a\0"
    "\xe6\x99\xae\xe9\x81\x8d\0"
    "\xe6\x99\xae\xe5\x8f\x8a\0"
    "\xe6\x99\xaf\xe5\x8c\xba\0"
    "\xe6\x99\xb4\xe5\xa4\xa9\xe9\x9c\xb9\xe9\x9b\xb3\0"
    "\xe6\x99\xba\xe6\x85\xa7\0"
    "\xe6\x99\xba\xe8\x83\xbd\0"
    "\xe6\x99\xba\xe5\x8a\x9b\0"
    "\xe6\x9a\x82\xe6\x97\xb6\0"
    "\xe6\x9a\x82\xe5\x81\x9c\0"
    "\xe6\x9a\x91\xe5\x81\x87\0"
    "\xe6\x9a\xb4\xe5\x8a\x9b\0"
    "\xe6\x9a\xb4\xe9\x9c\xb2\xe6\x97\xa0\xe9\x81\x97\0"
    "\xe6\x9a\xb4\xe9\x9c\xb2\0"
    "\xe6\x9b\x9d\xe5\x85\x89\0"
    "\xe6\x9b\xb2\xe7\xba\xbf\0"
    "\xe6\x9b\xb4\xe6\x96\xb0\0"
    "\xe6\x9b\xb4\xe5\x8a\xa0\0"
    "\xe6\x9b\xb4\xe5\xa4\x9a\0"
    "\xe6\x9b\xb4\xe5\xa4\x9a\xe7\x9a\x84\0"
    "\xe6\x9b\xb4\xe6\x98\xaf\0"
    "\xe6\x9b\xb4\xe5\xa5\xbd\0"
    "\xe6\x9b\xb4\xe4\xb8\xba\0"
    "\xe6\x9b\xb4\xe6\x8d\xa2\0"
    "\xe6\x9b\xb4\xe6\x94\xb9\0"
    "\xe6\x9b\xb4\xe6\x9c\x89\0"
    "\xe6\x9b\xb4\xe5\xa5\xbd\xe7\x9a\x84\0"
    "\xe6\x9b\xb4\xe5\xa4\xa7\0"
    "\xe6\x9b\xb4\xe5\xa5\xbd\xe5\x9c\xb0\0"
    "\xe6\x9b\xb4\xe5\xa4\xa7\xe7\x9a\x84\0"
    "\xe6\x9b\xb4\xe9\xab\x98\0"
    "\xe6\x9b\xb4\xe9\x87\x8d\xe8\xa6\x81\0"
    "\xe6\x9b\xbc\xe8\x81\x94\0"
    "\xe6\x9b\xbe\xe7\xbb\x8f\0"
    "\xe6\x9b\xbf\xe6\x8d\xa2\0"
    "\xe6\x9b\xbf\xe4\xbb\xa3\0"
    "\xe6\x9c\x80\xe5\x90\x8e\0"
    "\xe6\x9c\x80\xe8\xbf\x91\0"
    "\xe6\x9c\x80\xe5\xa5\xbd\0"
    "\xe6\x9c\x80\xe7\xbb\x88\0"
    "\xe6\x9c\x80\xe5\xa4\xa7\0"
    "\xe6\x9c\x80\xe6\x96\xb0\0"
    "\xe6\x9c\x80\xe9\xab\x98\0"
    "\xe6\x9c\x80\xe5\xa4\xa7\xe7\x9a\x84\0"
    "\xe6\x9c\x80\xe5\xa4\x9a\0"
    "\xe6\x9c\x80\xe4\xbd\xb3\0"
    "\xe6\x9c\x80\xe5\xa5\xbd\xe7\x9a\x84\0"
    "\xe6\x9c\x80\xe4\xbd\x8e\0"
    "\xe6\x9c\x80\xe9\x87\x8d\xe8\xa6\x81\xe7\x9a\x84\0"
    "\xe6\x9c\x80\xe4\xb8\xba\0"
    "\xe6\x9c\x80\xe5\x88\x9d\0"
    "\xe6\x9c\x80\xe7\x88\xb1\0"
    "\xe6\x9c\x88\xe4\xbb\xbd\0"
    "\xe6\x9c\x88\xe5\xba\x95\0"
    "\xe6\x9c\x88\xe4\xba\xae\0"
    "\xe6\x9c\x88\xe9\xa5\xbc\0"
    "\xe6\x9c\x88\xe7\xbb\x8f\0"
    "\xe6\x9c\x89\xe7\x82\xb9\0"
    "\xe6\x9c\x89\xe4\xba\x9b\0"
    "\xe6\x9c\x89\xe4\xba\xba\0"
    "\xe6\x9c\x89\xe5\x85\xb3\0"
    "\xe6\x9c\x89\xe6\xb2\xa1\xe6\x9c\x89\0"
    "\xe6\x9c\x89\xe4\xb8\xaa\0"
    "\xe6\x9c\x89\xe6\x95\x88\0"
    "\xe6\x9c\x89\xe9\x99\x90\xe5\x85\xac\xe5\x8f\xb8\0"
    "\xe6\x9c\x89\xe4\xba\x86\0"
    "\xe6\x9c\x89\xe6\x97\xb6\0"
    "\xe6\x9c\x89\xe9\x99\x90\0"
    "\xe6\x9c\x89\xe6\x97\xb6\xe5\x80\x99\0"
    "\xe6\x9c\x89\xe7\x9d\x80\0"
    "\xe6\x9c\x89\xe7\xa9\xba\0"
    "\xe6\x9c\x89\xe6\x89\x80\0"
    "\xe6\x9c\x89\xe9\x92\xb1\0"
    "\xe6\x9c\x8b\xe5\x8f\x8b\0"
    "\xe6\x9c\x8d\xe5\x8a\xa1\0"
    "\xe6\x9c\x8d\xe5\x8a\xa1\xe5\x99\xa8\0"
    "\xe6\x9c\x8d\xe8\xa3\x85\0"
    "\xe6\x9c\x8d\xe7\x94\xa8\0"
    "\xe6\x9c\x97\xe6\x9c\x97\xe4\xb8\x8a\xe5\x8f\xa3\0"
    "\xe6\x9c\x9b\xe7\x9d\x80\0"
    "\xe6\x9c\x9b\xe5\xad\x90\xe6\x88\x90\xe9\xbe\x99\0"
    "\xe6\x9c\x9d\xe6\xb0\x94\xe8\x93\xac\xe5\x8b\x83\0"
    "\xe6\x9c\x9d\xe9\xb2\x9c\0"
    "\xe6\x9c\x9f\xe9\x97\xb4\0"
    "\xe6\x9c\x9f\xe5\xbe\x85\0"
    "\xe6\x9c\x9f\xe6\x9c\x9b\0"
    "\xe6\x9c\x9f\xe9\x99\x90\0"
    "\xe6\x9c\x9f\xe8\xb4\xa7\0"
    "\xe6\x9c\xa8\xe9\xa9\xac\0"
    "\xe6\x9c\xaa\xe6\x9d\xa5\0"
    "\xe6\x9c\xaa\xe5\xbf\x85\0"
    "\xe6\x9c\xaa\xe8\x83\xbd\0"
    "\xe6\x9c\xaa\xe7\xbb\x8f\0"
    "\xe6\x9c\xac\xe6\x9d\xa5\0"
    "\xe6\x9c\xac\xe4\xba\xba\0"
    "\xe6\x9c\xac\xe8\xba\xab\0"
    "\xe6\x9c\xac\xe5\x9c\xb0\0"
    "\xe6\x9c\xac\xe6\xac\xa1\0"
    "\xe6\x9c\xac\xe7\xab\x99\0"
    "\xe6\x9c\xac\xe7\xbd\x91\0"
    "\xe6\x9c\xac\xe6\x96\x87\0"
    "\xe6\x9c\xac\xe4\xb9\xa6\0"
    "\xe6\x9c\xac\xe5\x91\xa8\0"
    "\xe6\x9c\xac\xe7\xa7\x91\0"
    "\xe6\x9c\xac\xe8\xb4\xa8\0"
    "\xe6\x9c\xac\xe6\x9c\xab\xe5\x80\x92\xe7\xbd\xae\0"
    "\xe6\x9c\xac\xe5\x85\xac\xe5\x8f\xb8\0"
    "\xe6\x9c\xac\xe4\xba\x8b\0"
    "\xe6\x9c\xac\xe6\x9c\xac\0"
    "\xe6\x9c\xba\xe4\xbc\x9a\0"
    "\xe6\x9c\xba\xe5\x99\xa8\0"
    "\xe6\x9c\xba\xe6\x9e\x84\0"
    "\xe6\x9c\xba\xe5\x88\xb6\0"
    "\xe6\x9c\xba\xe5\x9c\xba\0"
    "\xe6\x9c\xba\xe5\x85\xb3\0"
    "\xe6\x9c\xba\xe6\xa2\xb0\0"
    "\xe6\x9c\xba\xe7\xa5\xa8\0"
    "\xe6\x9c\xba\xe5\xad\x90\0"
    "\xe6\x9c\xba\xe6\x88\xbf\0"
    "\xe6\x9c\xba\xe9\x81\x87\0"
    "\xe6\x9c\xba\xe5\x9e\x8b\0"
    "\xe6\x9c\xba\xe8\xba\xab\0"
    "\xe6\x9c\xba\xe5\x99\xa8\xe4\xba\xba\0"
    "\xe6\x9d\x80\xe4\xba\xba\0"
    "\xe6\x9d\x80\xe6\xaf\x92\0"
    "\xe6\x9d\x80\xe6\x89\x8b\0"
    "\xe6\x9d\x82\xe5\xbf\x97\0"
    "\xe6\x9d\x82\xe4\xb9\xb1\xe6\x97\xa0\xe7\xab\xa0\0"
    "\xe6\x9d\x83\xe5\x88\xa9\0"
    "\xe6\x9d\x83\xe9\x99\x90\0"
    "\xe6\x9d\x83\xe5\x8a\x9b\0"
    "\xe6\x9d\x83\xe5\xae\x9c\xe4\xb9\x8b\xe8\xae\xa1\0"
    "\xe6\x9d\x83\xe5\xa8\x81\0"
    "\xe6\x9d\x83\xe8\xaf\x81\0"
    "\xe6\x9d\x83\xe7\x9b\x8a\0"
    "\xe6\x9d\x90\xe6\x96\x99\0"
    "\xe6\x9d\x91\xe6\xb0\x91\0"
    "\xe6\x9d\x9f\xe6\x89\x8b\xe5\xb0\xb1\xe6\x93\x92\0"
    "\xe6\x9d\x9f\xe4\xb9\x8b\xe9\xab\x98\xe9\x98\x81\0"
    "\xe6\x9d\xa1\xe4\xbb\xb6\0"
    "\xe6\x9d\xa1\xe6\x9d\xa1\xe6\xa1\x86\xe6\xa1\x86\0"
    "\xe6\x9d\xa1\xe6\xac\xbe\0"
    "\xe6\x9d\xa5\xe8\xaf\xb4\0"
    "\xe6\x9d\xa5\xe4\xba\x86\0"
    "\xe6\x9d\xa5\xe8\x87\xaa\0"
    "\xe6\x9d\xa5\xe7\x9c\x8b\0"
    "\xe6\x9d\xa5\xe5\x88\xb0\0"
    "\xe6\x9d\xa5\xe6\xba\x90\0"
    "\xe6\x9d\xa5\xe5\x8a\xbf\xe6\xb1\xb9\xe6\xb1\xb9\0"
    "\xe6\x9d\xa5\xe7\x9a\x84\0"
    "\xe6\x9d\xa5\xe5\x8e\x86\xe4\xb8\x8d\xe6\x98\x8e\0"
    "\xe6\x9d\xa5\xe8\xae\xb2\0"
    "\xe6\x9d\xa5\xe7\x9d\x80\0"
    "\xe6\x9d\xa5\xe4\xb8\x8d\xe5\x8f\x8a\0"
    "\xe6\x9d\xa5\xe8\x80\x85\xe4\xb8\x8d\xe6\x8b\x92\0"
    "\xe6\x9d\xa5\xe5\x9b\x9e\0"
    "\xe6\x9d\xad\xe5\xb7\x9e\0"
    "\xe6\x9d\xaf\xe6\xb0\xb4\xe8\xbd\xa6\xe8\x96\xaa\0"
    "\xe6\x9d\xb3\xe6\x97\xa0\xe9\x9f\xb3\xe4\xbf\xa1\0"
    "\xe6\x9d\xb3\xe6\x97\xa0\xe9\x9f\xb3\xe8\xae\xaf\0"
    "\xe6\x9d\xbf\xe5\x9d\x97\0"
    "\xe6\x9d\xbf\xe4\xb8\x8a\xe9\x92\x89\xe9\x92\x89\0"
    "\xe6\x9e\x81\xe5\xa4\xa7\0"
    "\xe6\x9e\x81\xe5\x85\xb6\0"
    "\xe6\x9e\x81\xe4\xb8\xba\0"
    "\xe6\x9e\x81\xe7\xab\xaf\0"
    "\xe6\x9e\x81\xe5\x93\x81\0"
    "\xe6\x9e\x84\xe6\x88\x90\0"
    "\xe6\x9e\x84\xe5\xbb\xba\0"
    "\xe6\x9e\x9c\xe7\x84\xb6\0"
    "\xe6\x9e\x9c\xe4\xb8\x8d\xe5\x85\xb6\xe7\x84\xb6\0"
    "\xe6\x9e\x9d\xe7\xb9\x81\xe5\x8f\xb6\xe8\x8c\x82\0"
    "\xe6\x9e\xb6\xe6\x9e\x84\0"
    "\xe6\x9f\x90\xe4\xba\x9b\0"
    "\xe6\x9f\x90\xe4\xb8\xaa\0"
    "\xe6\x9f\x90\xe7\xa7\x8d\0"
    "\xe6\x9f\x90\xe4\xba\xba\0"
    "\xe6\x9f\xa5\xe8\xaf\xa2\0"
    "\xe6\x9f\xa5\xe7\x9c\x8b\0"
    "\xe6\x9f\xa5\xe6\x89\xbe\0"
    "\xe6\x9f\xa5\xe5\xa4\x84\0"
    "\xe6\x9f\xb4\xe7\xb1\xb3\xe6\xb2\xb9\xe7\x9b\x90\0"
    "\xe6\xa0\x87\xe5\x87\x86\0"
    "\xe6\xa0\x87\xe5\xbf\x97\0"
    "\xe6\xa0\x87\xe9\xa2\x98\0"
    "\xe6\xa0\x87\xe7\xad\xbe\0"
    "\xe6\xa0\x87\xe8\xaf\x86\0"
    "\xe6\xa0\x87\xe8\xae\xb0\0"
    "\xe6\xa0\x8f\xe7\x9b\xae\0"
    "\xe6\xa0\x91\xe7\xab\x8b\0"
    "\xe6\xa0\xa1\xe5\x9b\xad\0"
    "\xe6\xa0\xa1\xe9\x95\xbf\0"
    "\xe6\xa0\xb7\xe5\xad\x90\0"
    "\xe6\xa0\xb7\xe5\x93\x81\0"
    "\xe6\xa0\xb8\xe5\xbf\x83\0"
    "\xe6\xa0\xb8\xe5\xae\x9e\0"
    "\xe6\xa0\xb9\xe6\x8d\xae\0"
    "\xe6\xa0\xb9\xe6\x9c\xac\0"
    "\xe6\xa0\xbc\xe5\xbc\x8f\0"
    "\xe6\xa0\xbc\xe5\xb1\x80\0"
    "\xe6\xa1\x86\xe6\x9e\xb6\0"
    "\xe6\xa1\x88\xe4\xbb\xb6\0"
    "\xe6\xa1\x88\xe4\xbe\x8b\0"
    "\xe6\xa1\x8c\xe9\x9d\xa2\0"
    "\xe6\xa1\x8c\xe5\xad\x90\0"
    "\xe6\xa1\x91\xe6\x8b\xbf\0"
    "\xe6\xa1\xa3\xe6\xa1\x88\0"
    "\xe6\xa1\xa3\xe6\xac\xa1\0"
    "\xe6\xa2\xa6\xe6\x83\xb3\0"
    "\xe6\xa3\x80\xe6\x9f\xa5\0"
    "\xe6\xa3\x80\xe6\xb5\x8b\0"
    "\xe6\xa3\x80\xe9\xaa\x8c\0"
    "\xe6\xa3\xae\xe6\x9e\x97\0"
    "\xe6\xa4\x8d\xe7\x89\xa9\0"
    "\xe6\xa5\xbc\xe4\xb8\xbb\0"
    "\xe6\xa5\xbc\xe4\xb8\x8a\0"
    "\xe6\xa5\xbc\xe4\xb8\x8b\0"
    "\xe6\xa5\xbc\xe7\x9b\x98\0"
    "\xe6\xa6\x82\xe5\xbf\xb5\0"
    "\xe6\xa8\xa1\xe5\xbc\x8f\0"
    "\xe6\xa8\xa1\xe5\x9d\x97\0"
    "\xe6\xa8\xa1\xe5\x9e\x8b\0"
    "\xe6\xa8\xa1\xe6\x9d\xbf\0"
    "\xe6\xa8\xa1\xe6\x8b\x9f\0"
    "\xe6\xa8\xa1\xe7\xb3\x8a\0"
    "\xe6\xa8\xa1\xe6\xa3\xb1\xe4\xb8\xa4\xe5\x8f\xaf\0"
    "\xe6\xa8\xa1\xe4\xbb\xbf\0"
    "\xe6\xa8\xaa\xe4\xb8\x83\xe7\xab\x96\xe5\x85\xab\0"
    "\xe6\xa8\xaa\xe5\x86\xb2\xe7\x9b\xb4\xe6\x92\x9e\0"
    "\xe6\xac\xa1\xe6\x95\xb0\0"
    "\xe6\xac\xa2\xe8\xbf\x8e\0"
    "\xe6\xac\xa2\xe8\x81\x9a\xe4\xb8\x80\xe5\xa0\x82\0"
    "\xe6\xac\xa2\xe6\xac\xa3\xe9\xbc\x93\xe8\x88\x9e\0"
    "\xe6\xac\xa2\xe4\xb9\x90\0"
    "\xe6\xac\xa3\xe8\xb5\x8f\0"
    "\xe6\xac\xa7\xe6\xb4\xb2\0"
    "\xe6\xac\xa7\xe7\x9b\x9f\0"
    "\xe6\xac\xa7\xe7\xbe\x8e\0"
    "\xe6\xac\xb2\xe6\x9c\x9b\0"
    "\xe6\xac\xba\xe8\xb4\x9f\0"
    "\xe6\xac\xba\xe9\xaa\x97\0"
    "\xe6\xad\x8c\xe6\x9b\xb2\0"
    "\xe6\xad\x8c\xe8\xaf\x8d\0"
    "\xe6\xad\x8c\xe6\x89\x8b\0"
    "\xe6\xad\x8c\xe8\xbf\xb7\0"
    "\xe6\xad\xa3\xe5\x9c\xa8\0"
    "\xe6\xad\xa3\xe5\xb8\xb8\0"
    "\xe6\xad\xa3\xe5\xbc\x8f\0"
    "\xe6\xad\xa3\xe7\xa1\xae\0"
    "\xe6\xad\xa3\xe6\x98\xaf\0"
    "\xe6\xad\xa3\xe5\xa5\xbd\0"
    "\xe6\xad\xa3\xe6\x9c\xac\xe6\xb8\x85\xe6\xba\x90\0"
    "\xe6\xad\xa3\xe7\x89\x88\0"
    "\xe6\xad\xa3\xe9\x9d\xa2\0"
    "\xe6\xad\xa3\xe8\xa7\x84\0"
    "\xe6\xad\xa3\xe5\xa6\x82\0"
    "\xe6\xad\xa3\xe4\xb9\x89\0"
    "\xe6\xad\xa4\xe6\xac\xa1\0"
    "\xe6\xad\xa4\xe6\x97\xb6\0"
    "\xe6\xad\xa4\xe4\xba\x8b\0"
    "\xe6\xad\xa4\xe5\x89\x8d\0"
    "\xe6\xad\xa4\xe7\xb1\xbb\0"
    "\xe6\xad\xa5\xe9\xaa\xa4\0"
    "\xe6\xad\xa5\xe8\xb0\x83\xe4\xb8\x80\xe8\x87\xb4\0"
    "\xe6\xad\xa5\xe4\xbc\x90\0"
    "\xe6\xad\xa5\xe5\xb1\xa5\xe7\xbb\xb4\xe8\x89\xb0\0"
    "\xe6\xad\xa5\xe6\xad\xa5\xe4\xb8\xba\xe8\x90\xa5\0"
    "\xe6\xad\xa6\xe6\xb1\x89\0"
    "\xe6\xad\xa6\xe5\x99\xa8\0"
    "\xe6\xad\xaa\xe9\xa3\x8e\xe9\x82\xaa\xe6\xb0\x94\0"
    "\xe6\xad\xbb\xe7\x81\xb0\xe5\xa4\x8d\xe7\x87\x83\0"
    "\xe6\xad\xbb\xe4\xba\x86\0"
    "\xe6\xad\xbb\xe4\xba\xa1\0"
    "\xe6\xad\xbb\xe9\x87\x8c\xe9\x80\x83\xe7\x94\x9f\0"
    "\xe6\xae\x8b\xe9\x85\xb7\0"
    "\xe6\xaf\x81\xe4\xba\x8e\xe4\xb8\x80\xe6\x97\xa6\0"
    "\xe6\xaf\x8b\xe5\xba\xb8\xe8\xae\xb3\xe8\xa8\x80\0"
    "\xe6\xaf\x8d\xe4\xba\xb2\0"
    "\xe6\xaf\x8f\xe5\xa4\xa9\0"
    "\xe6\xaf\x8f\xe4\xb8\xaa\0"
    "\xe6\xaf\x8f\xe6\xac\xa1\0"
    "\xe6\xaf\x8f\xe5\xb9\xb4\0"
    "\xe6\xaf\x8f\xe6\x9c\x88\0"
    "\xe6\xaf\x8f\xe4\xb8\xaa\xe4\xba\xba\0"
    "\xe6\xaf\x8f\xe5\x86\xb5\xe6\x84\x88\xe4\xb8\x8b\0"
    "\xe6\xaf\x8f\xe6\x97\xa5\0"
    "\xe6\xaf\x8f\xe4\xba\xba\0"
    "\xe6\xaf\x8f\xe5\x91\xa8\0"
    "\xe6\xaf\x8f\xe4\xb8\xaa\xe6\x9c\x88\0"
    "\xe6\xaf\x8f\xe4\xb8\x80\0"
    "\xe6\xaf\x8f\xe4\xb8\xaa\xe4\xba\xba\xe9\x83\xbd\0"
    "\xe6\xaf\x94\xe8\xbe\x83\0"
    "\xe6\xaf\x94\xe5\xa6\x82\0"
    "\xe6\xaf\x94\xe8\xb5\x9b\0"
    "\xe6\xaf\x94\xe4\xbe\x8b\0"
    "\xe6\xaf\x94\xe6\x88\x91\0"
    "\xe6\xaf\x94\xe8\xbe\x83\xe5\xa5\xbd\0"
    "\xe6\xaf\x94\xe4\xbd\xa0\0"
    "\xe6\xaf\x94\xe5\xa6\x82\xe8\xaf\xb4\0"
    "\xe6\xaf\x94\xe9\x87\x8d\0"
    "\xe6\xaf\x94\xe8\xbe\x83\xe5\xa4\x9a\0"
    "\xe6\xaf\x94\xe8\xbe\x83\xe5\xa4\xa7\0"
    "\xe6\xaf\x95\xe4\xb8\x9a\0"
    "\xe6\xaf\x95\xe7\xab\x9f\0"
    "\xe6\xaf\x95\xe4\xb8\x9a\xe7\x94\x9f\0"
    "\xe6\xaf\x9b\xe6\xb3\xbd\xe4\xb8\x9c\0"
    "\xe6\xaf\x9b\xe7\x97\x85\0"
    "\xe6\xaf\xab\xe4\xb8\x8d\xe5\x8a\xa8\xe6\x91\x87\0"
    "\xe6\xaf\xab\xe6\x97\xa0\0"
    "\xe6\xb0\x91\xe6\x97\x8f\0"
    "\xe6\xb0\x91\xe4\xb8\xbb\0"
    "\xe6\xb0\x91\xe4\xbc\x97\0"
    "\xe6\xb0\x91\xe9\x97\xb4\0"
    "\xe6\xb0\x91\xe8\xad\xa6\0"
    "\xe6\xb0\x91\xe5\xb7\xa5\0"
    "\xe6\xb0\x94\xe6\xb0\x9b\0"
    "\xe6\xb0\x94\xe8\xb4\xa8\0"
    "\xe6\xb0\x94\xe6\x81\xaf\0"
    "\xe6\xb0\x94\xe5\x8a\xbf\xe6\xb1\xb9\xe6\xb1\xb9\0"
    "\xe6\xb0\x94\xe5\x80\x99\0"
    "\xe6\xb0\x9b\xe5\x9b\xb4\0"
    "\xe6\xb0\xb4\xe5\xb9\xb3\0"
    "\xe6\xb0\xb4\xe6\xb3\x84\xe4\xb8\x8d\xe9\x80\x9a\0"
    "\xe6\xb0\xb4\xe6\x9e\x9c\0"
    "\xe6\xb0\xb4\xe6\x99\xb6\0"
    "\xe6\xb0\xb4\xe6\xb3\xa5\0"
    "\xe6\xb0\xb8\xe8\xbf\x9c\0"
    "\xe6\xb0\xb8\xe6\x97\xa0\xe6\xad\xa2\xe5\xa2\x83\0"
    "\xe6\xb0\xb8\xe6\x81\x92\0"
    "\xe6\xb1\x82\xe5\x90\x8c\xe5\xad\x98\xe5\xbc\x82\0"
    "\xe6\xb1\x87\xe6\x8a\xa5\0"
    "\xe6\xb1\x87\xe6\x80\xbb\0"
    "\xe6\xb1\x87\xe6\xac\xbe\0"
    "\xe6\xb1\x97\xe9\xa9\xac\xe5\x8a\x9f\xe5\x8a\xb3\0"
    "\xe6\xb1\x9f\xe8\x8b\x8f\0"
    "\xe6\xb1\x9f\xe9\x83\x8e\xe6\x89\x8d\xe5\xb0\xbd\0"
    "\xe6\xb1\x9f\xe6\xb9\x96\0"
    "\xe6\xb1\x9f\xe5\x8d\x97\0"
    "\xe6\xb1\x9f\xe8\xa5\xbf\0"
    "\xe6\xb1\x9f\xe8\x8b\x8f\xe7\x9c\x81\0"
    "\xe6\xb1\xa1\xe6\x9f\x93\0"
    "\xe6\xb1\xbd\xe8\xbd\xa6\0"
    "\xe6\xb2\x88\xe9\x98\xb3\0"
    "\xe6\xb2\x89\xe9\xbb\x98\0"
    "\xe6\xb2\x89\xe9\xbb\x98\xe5\xaf\xa1\xe8\xa8\x80\0"
    "\xe6\xb2\x89\xe9\x87\x8d\0"
    "\xe6\xb2\x99\xe5\x8f\x91\0"
    "\xe6\xb2\x9f\xe9\x80\x9a\0"
    "\xe6\xb2\xa1\xe6\x9c\x89\0"
    "\xe6\xb2\xa1\xe4\xba\x8b\0"
    "\xe6\xb2\xa1\xe4\xbb\x80\xe4\xb9\x88\0"
    "\xe6\xb2\xa1\xe4\xba\xba\0"
    "\xe6\xb2\xa1\xe5\x85\xb3\xe7\xb3\xbb\0"
    "\xe6\xb2\xa1\xe6\x9c\x89\xe4\xbb\x80\xe4\xb9\x88\0"
    "\xe6\xb2\xa1\xe6\xb3\x95\0"
    "\xe6\xb2\xa1\xe7\x94\xa8\0"
    "\xe6\xb2\xa1\xe9\x92\xb1\0"
    "\xe6\xb2\xa1\xe6\x9c\x89\xe4\xbb\xbb\xe4\xbd\x95\0"
    "\xe6\xb2\xa1\xe5\x95\xa5\0"
    "\xe6\xb2\xa1\xe4\xba\x86\0"
    "\xe6\xb2\xa1\xe9\x94\x99\0"
    "\xe6\xb2\xa1\xe5\xae\x8c\xe6\xb2\xa1\xe4\xba\x86\0"
    "\xe6\xb2\xa1\xe5\xbe\x97\0"
    "\xe6\xb2\xa1\xe6\x83\xb3\0"
    "\xe6\xb2\xb3\xe5\x8d\x97\0"
    "\xe6\xb2\xb3\xe5\x8c\x97\0"
    "\xe6\xb2\xbb\xe7\x96\x97\0"
    "\xe6\xb2\xbb\xe7\x97\x85\xe6\x95\x91\xe4\xba\xba\0"
    "\xe6\xb2\xbb\xe7\x90\x86\0"
    "\xe6\xb3\x95\xe5\xbe\x8b\0"
    "\xe6\xb3\x95\xe5\x9b\xbd\0"
    "\xe6\xb3\x95\xe5\xb8\x88\0"
    "\xe6\xb3\x95\xe9\x99\xa2\0"
    "\xe6\xb3\x95\xe8\xa7\x84\0"
    "\xe6\xb3\x95\xe5\xae\x98\0"
    "\xe6\xb3\x95\xe5\xba\xad\0"
    "\xe6\xb3\x9b\xe6\xbb\xa5\xe6\x88\x90\xe7\x81\xbe\0"
    "\xe6\xb3\xa1\xe6\xb2\xab\0"
    "\xe6\xb3\xa2\xe5\x8a\xa8\0"
    "\xe6\xb3\xa8\xe6\x84\x8f\0"
    "\xe6\xb3\xa8\xe5\x86\x8c\0"
    "\xe6\xb3\xa8\xe9\x87\x8d\0"
    "\xe6\xb3\xa8\xe6\x98\x8e\0"
    "\xe6\xb3\xa8\xe5\xae\x9a\0"
    "\xe6\xb3\xa8\xe5\x85\xa5\0"
    "\xe6\xb3\xaa\xe6\xb0\xb4\0"
    "\xe6\xb3\xb0\xe5\x9b\xbd\0"
    "\xe6\xb4\x81\xe8\xba\xab\xe8\x87\xaa\xe5\xa5\xbd\0"
    "\xe6\xb4\x97\xe6\xbe\xa1\0"
    "\xe6\xb4\xbb\xe5\x8a\xa8\0"
    "\xe6\xb4\xbb\xe7\x9d\x80\0"
    "\xe6\xb4\xbb\xe8\xb7\x83\0"
    "\xe6\xb4\xbb\xe5\x8a\x9b\0"
    "\xe6\xb4\xbb\xe7\x81\xb5\xe6\xb4\xbb\xe7\x8e\xb0\0"
    "\xe6\xb4\xbe\xe5\x87\xba\xe6\x89\x80\0"
    "\xe6\xb5\x81\xe7\xa8\x8b\0"
    "\xe6\xb5\x81\xe8\xa1\x8c\0"
    "\xe6\xb5\x81\xe7\xa6\xbb\xe5\xa4\xb1\xe6\x89\x80\0"
    "\xe6\xb5\x81\xe9\x87\x8f\0"
    "\xe6\xb5\x81\xe6\xb0\x93\0"
    "\xe6\xb5\x81\xe5\x8a\xa8\0"
    "\xe6\xb5\x81\xe9\x80\x9a\0"
    "\xe6\xb5\x81\xe4\xbc\xa0\0"
    "\xe6\xb5\x8b\xe8\xaf\x95\0"
    "\xe6\xb5\x8b\xe9\x87\x8f\0"
    "\xe6\xb5\x8e\xe5\x8d\x97\0"
    "\xe6\xb5\x91\xe8\xba\xab\xe8\xa7\xa3\xe6\x95\xb0\0"
    "\xe6\xb5\x91\xe6\xb0\xb4\xe6\x91\xb8\xe9\xb1\xbc\0"
    "\xe6\xb5\x93\xe5\xa2\xa8\xe9\x87\x8d\xe5\xbd\xa9\0"
    "\xe6\xb5\x99\xe6\xb1\x9f\0"
    "\xe6\xb5\x99\xe6\xb1\x9f\xe7\x9c\x81\0"
    "\xe6\xb5\xaa\xe8\xb4\xb9\0"
    "\xe6\xb5\xaa\xe6\xbc\xab\0"
    "\xe6\xb5\xae\xe6\x83\xb3\xe8\x81\x94\xe7\xbf\xa9\0"
    "\xe6\xb5\xb4\xe8\xa1\x80\xe5\xa5\x8b\xe6\x88\x98\0"
    "\xe6\xb5\xb7\xe5\xa4\x96\0"
    "\xe6\xb5\xb7\xe5\x8d\x97\0"
    "\xe6\xb5\xb7\xe7\xba\xb3\xe7\x99\xbe\xe5\xb7\x9d\0"
    "\xe6\xb5\xb7\xe6\xb4\x8b\0"
    "\xe6\xb5\xb7\xe5\x85\xb3\0"
    "\xe6\xb6\x88\xe6\x81\xaf\0"
    "\xe6\xb6\x88\xe8\xb4\xb9\xe8\x80\x85\0"
    "\xe6\xb6\x88\xe8\xb4\xb9\0"
    "\xe6\xb6\x88\xe5\xa4\xb1\0"
    "\xe6\xb6\x88\xe9\x99\xa4\0"
    "\xe6\xb6\x88\xe8\x80\x97\0"
    "\xe6\xb6\x88\xe5\x8c\x96\0"
    "\xe6\xb6\x89\xe5\x8f\x8a\0"
    "\xe6\xb6\xa8\xe5\x81\x9c\0"
    "\xe6\xb6\xa8\xe4\xbb\xb7\0"
    "\xe6\xb6\xa8\xe5\xb9\x85\0"
    "\xe6\xb6\xb2\xe6\x99\xb6\0"
    "\xe6\xb7\x98\xe5\xae\x9d\0"
    "\xe6\xb7\x98\xe6\xb1\xb0\0"
    "\xe6\xb7\xa1\xe6\xb7\xa1\0"
    "\xe6\xb7\xb1\xe5\x9c\xb3\0"
    "\xe6\xb7\xb1\xe5\x85\xa5\0"
    "\xe6\xb7\xb1\xe5\x88\xbb\0"
    "\xe6\xb7\xb1\xe6\xb7\xb1\0"
    "\xe6\xb7\xb1\xe5\xba\xa6\0"
    "\xe6\xb7\xb1\xe6\x83\x85\xe5\x8e\x9a\xe8\xb0\x8a\0"
    "\xe6\xb7\xb1\xe5\x9c\xb3\xe5\xb8\x82\0"
    "\xe6\xb7\xb1\xe5\xa4\x84\0"
    "\xe6\xb7\xb7\xe6\xb7\x86\xe8\xa7\x86\xe5\x90\xac\0"
    "\xe6\xb7\xb7\xe4\xb9\xb1\0"
    "\xe6\xb7\xb7\xe5\x90\x88\0"
    "\xe6\xb7\xbb\xe5\x8a\xa0\0"
    "\xe6\xb7\xbb\xe7\xa0\x96\xe5\x8a\xa0\xe7\x93\xa6\0"
    "\xe6\xb8\x85\xe6\xa5\x9a\0"
    "\xe6\xb8\x85\xe9\x99\xa4\0"
    "\xe6\xb8\x85\xe6\x99\xb0\0"
    "\xe6\xb8\x85\xe7\x90\x86\0"
    "\xe6\xb8\x85\xe5\x8d\x8e\0"
    "\xe6\xb8\x85\xe9\x86\x92\0"
    "\xe6\xb8\x85\xe6\xb4\x81\0"
    "\xe6\xb8\x85\xe5\x8d\x95\0"
    "\xe6\xb8\x90\xe6\xb8\x90\0"
    "\xe6\xb8\x90\xe5\x85\xa5\xe4\xbd\xb3\xe5\xa2\x83\0"
    "\xe6\xb8\xa0\xe9\x81\x93\0"
    "\xe6\xb8\xa9\xe5\xba\xa6\0"
    "\xe6\xb8\xa9\xe6\x9a\x96\0"
    "\xe6\xb8\xa9\xe6\x9f\x94\0"
    "\xe6\xb8\xa9\xe5\xb7\x9e\0"
    "\xe6\xb8\xa9\xe9\xa6\xa8\0"
    "\xe6\xb8\xb4\xe6\x9c\x9b\0"
    "\xe6\xb8\xb8\xe6\x88\x8f\0"
    "\xe6\xb8\xb8\xe5\xae\xa2\0"
    "\xe6\xb8\xb8\xe6\xb3\xb3\0"
    "\xe6\xb8\xb8\xe6\x89\x8b\xe5\xa5\xbd\xe9\x97\xb2\0"
    "\xe6\xb8\xb8\xe5\xb1\xb1\xe7\x8e\xa9\xe6\xb0\xb4\0"
    "\xe6\xb9\x96\xe5\x8d\x97\0"
    "\xe6\xb9\x96\xe5\x8c\x97\0"
    "\xe6\xb9\x96\xe5\x85\x89\xe5\xb1\xb1\xe8\x89\xb2\0"
    "\xe6\xba\x83\xe4\xb8\x8d\xe6\x88\x90\xe5\x86\x9b\0"
    "\xe6\xba\xa2\xe4\xba\x8e\xe8\xa8\x80\xe8\xa1\xa8\0"
    "\xe6\xbb\xa1\xe8\xb6\xb3\0"
    "\xe6\xbb\xa1\xe6\x84\x8f\0"
    "\xe6\xbb\xa1\xe8\xbd\xbd\xe8\x80\x8c\xe5\xbd\x92\0"
    "\xe6\xbb\xa1\xe5\xbf\x83\xe6\xac\xa2\xe5\x96\x9c\0"
    "\xe6\xbc\x82\xe4\xba\xae\0"
    "\xe6\xbc\x8f\xe6\xb4\x9e\xe7\x99\xbe\xe5\x87\xba\0"
    "\xe6\xbc\x8f\xe7\xbd\x91\xe4\xb9\x8b\xe9\xb1\xbc\0"
    "\xe6\xbc\x8f\xe6\xb4\x9e\0"
    "\xe6\xbc\x94\xe5\x91\x98\0"
    "\xe6\xbc\x94\xe5\x87\xba\0"
    "\xe6\xbc\x94\xe5\x94\xb1\xe4\xbc\x9a\0"
    "\xe6\xbc\x94\xe8\xae\xb2\0"
    "\xe6\xbc\x94\xe7\xbb\x8e\0"
    "\xe6\xbc\x94\xe7\xa4\xba\0"
    "\xe6\xbc\xa0\xe4\xb8\x8d\xe5\x85\xb3\xe5\xbf\x83\0"
    "\xe6\xbc\xab\xe7\x94\xbb\0"
    "\xe6\xbc\xab\xe5\xa4\xa9\xe8\xa6\x81\xe4\xbb\xb7\0"
    "\xe6\xbc\xab\xe5\xb1\xb1\xe9\x81\x8d\xe9\x87\x8e\0"
    "\xe6\xbd\x9c\xe5\x8a\x9b\0"
    "\xe6\xbd\x9c\xe5\x9c\xa8\0"
    "\xe6\xbd\xb8\xe7\x84\xb6\xe6\xb3\xaa\xe4\xb8\x8b\0"
    "\xe6\xbe\xb3\xe5\xa4\xa7\xe5\x88\xa9\xe4\xba\x9a\0"
    "\xe6\xbe\xb3\xe9\x97\xa8\0"
    "\xe6\xbf\x80\xe6\x83\x85\0"
    "\xe6\xbf\x80\xe5\x8a\xa8\0"
    "\xe6\xbf\x80\xe7\x83\x88\0"
    "\xe6\xbf\x80\xe6\xb4\xbb\0"
    "\xe6\xbf\x80\xe5\x8a\xb1\0"
    "\xe7\x81\x8c\xe6\xb0\xb4\0"
    "\xe7\x81\xab\xe8\xbd\xa6\0"
    "\xe7\x81\xab\xe7\x9c\xbc\xe9\x87\x91\xe7\x9d\x9b\0"
    "\xe7\x81\xab\xe7\xae\xad\0"
    "\xe7\x81\xab\xe4\xb8\x8a\xe6\xb5\x87\xe6\xb2\xb9\0"
    "\xe7\x81\xab\xe5\x85\x89\xe5\x86\xb2\xe5\xa4\xa9\0"
    "\xe7\x81\xab\xe8\xbd\xa6\xe7\xab\x99\0"
    "\xe7\x81\xad\xe9\xa1\xb6\xe4\xb9\x8b\xe7\x81\xbe\0"
    "\xe7\x81\xaf\xe5\x85\x89\0"
    "\xe7\x81\xb0\xe5\xa4\xb4\xe5\x9c\x9f\xe8\x84\xb8\0"
    "\xe7\x81\xb5\xe9\xad\x82\0"
    "\xe7\x81\xb5\xe6\x9c\xba\xe4\xb8\x80\xe5\x8a\xa8\0"
    "\xe7\x81\xb5\xe6\xb4\xbb\0"
    "\xe7\x81\xbe\xe9\x9a\xbe\0"
    "\xe7\x81\xbf\xe7\x83\x82\0"
    "\xe7\x82\x92\xe8\x82\xa1\0"
    "\xe7\x82\x92\xe4\xbd\x9c\0"
    "\xe7\x82\xb9\xe5\x87\xbb\0"
    "\xe7\x82\xb9\xe6\xad\xa4\0"
    "\xe7\x82\xb9\xe8\xaf\x84\0"
    "\xe7\x83\xa6\xe6\x81\xbc\0"
    "\xe7\x83\xab\xe6\x89\x8b\xe5\xb1\xb1\xe8\x8a\x8b\0"
    "\xe7\x83\xad\xe6\x83\x85\0"
    "\xe7\x83\xad\xe6\xb0\x94\xe8\x85\xbe\xe8\x85\xbe\0"
    "\xe7\x83\xad\xe9\x97\xb9\0"
    "\xe7\x83\xad\xe7\x82\xb9\0"
    "\xe7\x83\xad\xe7\x88\xb1\0"
    "\xe7\x83\xad\xe7\x83\x88\0"
    "\xe7\x84\xa6\xe7\x82\xb9\0"
    "\xe7\x84\xb6\xe5\x90\x8e\0"
    "\xe7\x84\xb6\xe8\x80\x8c\0"
    "\xe7\x85\x9e\xe8\xb4\xb9\xe8\x8b\xa6\xe5\xbf\x83\0"
    "\xe7\x85\x9e\xe6\x9c\x89\xe4\xbb\x8b\xe4\xba\x8b\0"
    "\xe7\x85\xa7\xe7\x89\x87\0"
    "\xe7\x85\xa7\xe9\xa1\xbe\0"
    "\xe7\x86\x8a\xe7\x8c\xab\0"
    "\xe7\x86\x9f\xe6\x82\x89\0"
    "\xe7\x86\x9f\xe8\xa7\x86\xe6\x97\xa0\xe7\x9d\xb9\0"
    "\xe7\x87\x83\xe7\x9c\x89\xe4\xb9\x8b\xe6\x80\xa5\0"
    "\xe7\x87\x83\xe7\x83\xa7\0"
    "\xe7\x88\x86\xe5\x8f\x91\0"
    "\xe7\x88\x86\xe7\x82\xb8\0"
    "\xe7\x88\xb1\xe6\x83\x85\0"
    "\xe7\x88\xb1\xe4\xbd\xa0\0"
    "\xe7\x88\xb1\xe4\xb8\x8a\0"
    "\xe7\x88\xb1\xe5\xa5\xbd\0"
    "\xe7\x88\xb1\xe5\xbf\x83\0"
    "\xe7\x88\xb1\xe4\xba\xba\0"
    "\xe7\x88\xb6\xe6\xaf\x8d\0"
    "\xe7\x88\xb6\xe4\xba\xb2\0"
    "\xe7\x88\xb7\xe7\x88\xb7\0"
    "\xe7\x88\xb8\xe7\x88\xb8\0"
    "\xe7\x88\xb8\xe5\xa6\x88\0"
    "\xe7\x89\x87\xe5\xad\x90\0"
    "\xe7\x89\x88\xe6\x9c\xac\0"
    "\xe7\x89\x88\xe4\xb8\xbb\0"
    "\xe7\x89\x88\xe6\x9d\x83\0"
    "\xe7\x89\x8c\xe5\xad\x90\0"
    "\xe7\x89\x99\xe9\xbd\xbf\0"
    "\xe7\x89\x9b\xe5\xa5\xb6\0"
    "\xe7\x89\xa7\xe5\xb8\x88\0"
    "\xe7\x89\xa9\xe8\xb4\xa8\0"
    "\xe7\x89\xa9\xe5\x93\x81\0"
    "\xe7\x89\xa9\xe7\x90\x86\0"
    "\xe7\x89\xa9\xe6\xb5\x81\0"
    "\xe7\x89\xa9\xe4\xb8\x9a\0"
    "\xe7\x89\xa9\xe5\xbd\x92\xe5\x8e\x9f\xe4\xb8\xbb\0"
    "\xe7\x89\xb9\xe5\x88\xab\0"
    "\xe7\x89\xb9\xe7\x82\xb9\0"
    "\xe7\x89\xb9\xe6\xae\x8a\0"
    "\xe7\x89\xb9\xe8\x89\xb2\0"
    "\xe7\x89\xb9\xe5\xbe\x81\0"
    "\xe7\x89\xb9\xe6\x80\xa7\0"
    "\xe7\x89\xb9\xe5\xae\x9a\0"
    "\xe7\x89\xb9\xe6\x84\x8f\0"
    "\xe7\x89\xba\xe7\x89\xb2\0"
    "\xe7\x8a\xaf\xe7\xbd\xaa\0"
    "\xe7\x8a\xb6\xe6\x80\x81\0"
    "\xe7\x8a\xb6\xe5\x86\xb5\0"
    "\xe7\x8a\xb9\xe8\xb1\xab\0"
    "\xe7\x8b\x97\xe7\x8b\x97\0"
    "\xe7\x8b\xac\xe7\xab\x8b\0"
    "\xe7\x8b\xac\xe7\x89\xb9\0"
    "\xe7\x8b\xac\xe5\x96\x84\xe5\x85\xb6\xe8\xba\xab\0"
    "\xe7\x8b\xac\xe8\x87\xaa\0"
    "\xe7\x8b\xac\xe5\x85\xb7\xe5\x8c\xa0\xe5\xbf\x83\0"
    "\xe7\x8c\x8e\xe4\xba\xba\0"
    "\xe7\x8c\x9c\xe6\xb5\x8b\0"
    "\xe7\x8c\xaa\xe5\xa4\xb4\0"
    "\xe7\x8c\xaa\xe7\x8c\xaa\0"
    "\xe7\x8c\xab\xe7\x8c\xab\0"
    "\xe7\x8c\xb4\xe5\xad\x90\0"
    "\xe7\x8e\x87\xe5\x85\x88\xe5\x9e\x82\xe8\x8c\x83\0"
    "\xe7\x8e\x87\xe5\x85\x88\0"
    "\xe7\x8e\x89\xe7\xb1\xb3\0"
    "\xe7\x8e\x8b\xe5\xad\x90\0"
    "\xe7\x8e\xa9\xe5\xbf\xbd\xe8\x81\x8c\xe5\xae\x88\0"
    "\xe7\x8e\xa9\xe5\xae\xb6\0"
    "\xe7\x8e\xa9\xe7\x8e\xa9\0"
    "\xe7\x8e\xa9\xe7\xac\x91\0"
    "\xe7\x8e\xa9\xe5\x85\xb7\0"
    "\xe7\x8e\xab\xe7\x91\xb0\0"
    "\xe7\x8e\xaf\xe5\xa2\x83\0"
    "\xe7\x8e\xaf\xe4\xbf\x9d\0"
    "\xe7\x8e\xaf\xe8\x8a\x82\0"
    "\xe7\x8e\xb0\xe5\x9c\xa8\0"
    "\xe7\x8e\xb0\xe5\x9c\xba\0"
    "\xe7\x8e\xb0\xe5\xae\x9e\0"
    "\xe7\x8e\xb0\xe8\xb1\xa1\0"
    "\xe7\x8e\xb0\xe4\xbb\xa3\0"
    "\xe7\x8e\xb0\xe8\xba\xab\xe8\xaf\xb4\xe6\xb3\x95\0"
    "\xe7\x8e\xb0\xe6\x9c\x89\0"
    "\xe7\x8e\xb0\xe9\x87\x91\0"
    "\xe7\x8e\xb0\xe7\x8a\xb6\0"
    "\xe7\x8e\xb0\xe4\xbb\xa3\xe5\x8c\x96\0"
    "\xe7\x8e\xbb\xe7\x92\x83\0"
    "\xe7\x8f\x8d\xe6\x83\x9c\0"
    "\xe7\x8f\xa0\xe6\xb5\xb7\0"
    "\xe7\x8f\xad\xe7\xba\xa7\0"
    "\xe7\x90\x83\xe5\x91\x98\0"
    "\xe7\x90\x83\xe9\x98\x9f\0"
    "\xe7\x90\x83\xe8\xbf\xb7\0"
    "\xe7\x90\x86\xe8\xa7\xa3\0"
    "\xe7\x90\x86\xe8\xae\xba\0"
    "\xe7\x90\x86\xe7\x94\xb1\0"
    "\xe7\x90\x86\xe6\x83\xb3\0"
    "\xe7\x90\x86\xe5\xbf\xb5\0"
    "\xe7\x90\x86\xe6\x80\xa7\0"
    "\xe7\x90\x86\xe8\xb4\xa2\0"
    "\xe7\x90\x86\xe6\x99\xba\0"
    "\xe7\x94\x9a\xe8\x87\xb3\0"
    "\xe7\x94\x9a\xe5\x9a\xa3\xe5\xb0\x98\xe4\xb8\x8a\0"
    "\xe7\x94\x9f\xe6\xb4\xbb\0"
    "\xe7\x94\x9f\xe4\xba\xa7\0"
    "\xe7\x94\x9f\xe5\x91\xbd\0"
    "\xe7\x94\x9f\xe6\xb0\x94\0"
    "\xe7\x94\x9f\xe6\x97\xa5\0"
    "\xe7\x94\x9f\xe6\x84\x8f\0"
    "\xe7\x94\x9f\xe6\x88\x90\0"
    "\xe7\x94\x9f\xe5\xad\x98\0"
    "\xe7\x94\x9f\xe6\xad\xbb\xe5\xad\x98\xe4\xba\xa1\0"
    "\xe7\x94\x9f\xe7\x89\xa9\0"
    "\xe7\x94\x9f\xe9\x95\xbf\0"
    "\xe7\x94\x9f\xe6\x80\x81\0"
    "\xe7\x94\x9f\xe7\x97\x85\0"
    "\xe7\x94\x9f\xe6\xad\xbb\xe6\x9c\xaa\xe5\x8d\x9c\0"
    "\xe7\x94\x9f\xe7\x90\x86\0"
    "\xe7\x94\xa8\xe6\x88\xb7\0"
    "\xe7\x94\xa8\xe4\xba\x8e\0"
    "\xe7\x94\xa8\xe6\x9d\xa5\0"
    "\xe7\x94\xa8\xe6\x88\xb7\xe5\x90\x8d\0"
    "\xe7\x94\xa8\xe8\xbf\x87\0"
    "\xe7\x94\xa8\xe7\x9a\x84\0"
    "\xe7\x94\xa8\xe5\xbf\x83\0"
    "\xe7\x94\xa8\xe5\x8a\x9b\0"
    "\xe7\x94\xa8\xe6\x89\x8b\0"
    "\xe7\x94\xb1\xe4\xba\x8e\0"
    "\xe7\x94\xb1\xe6\xad\xa4\0"
    "\xe7\x94\xb2\xe6\x96\xb9\0"
    "\xe7\x94\xb3\xe8\xaf\xb7\0"
    "\xe7\x94\xb3\xe6\x8a\xa5\0"
    "\xe7\x94\xb3\xe8\xb4\xad\0"
    "\xe7\x94\xb5\xe8\xaf\x9d\0"
    "\xe7\x94\xb5\xe8\x84\x91\0"
    "\xe7\x94\xb5\xe5\xbd\xb1\0"
    "\xe7\x94\xb5\xe8\xa7\x86\0"
    "\xe7\x94\xb5\xe5\xad\x90\0"
    "\xe7\x94\xb5\xe4\xbf\xa1\0"
    "\xe7\x94\xb5\xe6\xb1\xa0\0"
    "\xe7\x94\xb5\xe6\xba\x90\0"
    "\xe7\x94\xb5\xe8\xa7\x86\xe5\x89\xa7\0"
    "\xe7\x94\xb5\xe5\x8a\x9b\0"
    "\xe7\x94\xb5\xe8\xa7\x86\xe5\x8f\xb0\0"
    "\xe7\x94\xb5\xe9\x97\xaa\xe9\x9b\xb7\xe9\xb8\xa3\0"
    "\xe7\x94\xb5\xe8\xb7\xaf\0"
    "\xe7\x94\xb5\xe6\xa2\xaf\0"
    "\xe7\x94\xb5\xe5\x8e\x8b\0"
    "\xe7\x94\xb5\xe5\xad\x90\xe5\x95\x86\xe5\x8a\xa1\0"
    "\xe7\x94\xb7\xe4\xba\xba\0"
    "\xe7\x94\xb7\xe7\x94\x9f\0"
    "\xe7\x94\xb7\xe6\x9c\x8b\xe5\x8f\x8b\0"
    "\xe7\x94\xb7\xe5\xad\x90\0"
    "\xe7\x94\xb7\xe5\xad\xa9\0"
    "\xe7\x94\xb7\xe5\xa5\xb3\0"
    "\xe7\x94\xb7\xe6\x80\xa7\0"
    "\xe7\x94\xb7\xe5\x8f\x8b\0"
    "\xe7\x94\xbb\xe9\x9d\xa2\0"
    "\xe7\x95\x85\xe9\x80\x9a\xe6\x97\xa0\xe9\x98\xbb\0"
    "\xe7\x95\x8c\xe9\x9d\xa2\0"
    "\xe7\x95\x99\xe4\xb8\x8b\0"
    "\xe7\x95\x99\xe8\xa8\x80\0"
    "\xe7\x95\x99\xe5\x9c\xa8\0"
    "\xe7\x95\x99\xe7\x9d\x80\0"
    "\xe7\x95\x99\xe6\x84\x8f\0"
    "\xe7\x95\x99\xe6\x9c\x89\xe4\xbd\x99\xe5\x9c\xb0\0"
    "\xe7\x96\x91\xe9\x9a\xbe\xe6\x9d\x82\xe7\x97\x87\0"
    "\xe7\x96\x91\xe9\x97\xae\0"
    "\xe7\x96\xaf\xe7\x8b\x82\0"
    "\xe7\x96\xaf\xe4\xba\x86\0"
    "\xe7\x96\xb2\xe4\xba\x8e\xe5\xa5\x94\xe5\x91\xbd\0"
    "\xe7\x96\xbc\xe7\x97\x9b\0"
    "\xe7\x96\xbe\xe7\x97\x85\0"
    "\xe7\x97\x85\xe6\xaf\x92\0"
    "\xe7\x97\x85\xe4\xba\xba\0"
    "\xe7\x97\x87\xe7\x8a\xb6\0"
    "\xe7\x97\x95\xe8\xbf\xb9\0"
    "\xe7\x97\x9b\xe8\x8b\xa6\0"
    "\xe7\x97\x9b\xe5\xae\x9a\xe6\x80\x9d\xe7\x97\x9b\0"
    "\xe7\x99\xbb\xe5\xbd\x95\0"
    "\xe7\x99\xbb\xe8\xae\xb0\0"
    "\xe7\x99\xbb\xe9\x99\x86\0"
    "\xe7\x99\xbb\xe9\xab\x98\xe6\x9c\x9b\xe8\xbf\x9c\0"
    "\xe7\x99\xbd\xe8\x89\xb2\0"
    "\xe7\x99\xbd\xe5\xa4\xa9\0"
    "\xe7\x99\xbd\xe5\x8f\x91\xe8\x8b\x8d\xe8\x8b\x8d\0"
    "\xe7\x99\xbd\xe7\x97\xb4\0"
    "\xe7\x99\xbe\xe5\xba\xa6\0"
    "\xe7\x99\xbe\xe5\xa7\x93\0"
    "\xe7\x99\xbe\xe6\x8a\x98\xe4\xb8\x8d\xe6\x8c\xa0\0"
    "\xe7\x99\xbe\xe5\xb9\xb4\0"
    "\xe7\x99\xbe\xe6\x84\x9f\xe4\xba\xa4\xe9\x9b\x86\0"
    "\xe7\x99\xbe\xe5\xb9\xb4\xe4\xb8\x8d\xe9\x81\x87\0"
    "\xe7\x99\xbe\xe5\xae\xb6\xe4\xba\x89\xe9\xb8\xa3\0"
    "\xe7\x9a\x84\xe4\xba\xba\0"
    "\xe7\x9a\x84\xe8\xaf\x9d\0"
    "\xe7\x9a\x84\xe4\xba\x8b\0"
    "\xe7\x9a\x84\xe7\xa1\xae\0"
    "\xe7\x9a\x84\xe6\x96\xb0\0"
    "\xe7\x9a\x84\xe6\x98\xaf\0"
    "\xe7\x9a\x84\xe5\xbf\x83\0"
    "\xe7\x9a\x84\xe4\xb8\x80\xe7\xa7\x8d\0"
    "\xe7\x9a\x84\xe5\x9f\xba\xe7\xa1\x80\xe4\xb8\x8a\0"
    "\xe7\x9a\x84\xe9\x92\xb1\0"
    "\xe7\x9a\x84\xe5\x8d\x9a\xe5\xae\xa2\0"
    "\xe7\x9a\x84\xe8\x84\xb8\0"
    "\xe7\x9a\x84\xe6\x89\x8b\0"
    "\xe7\x9a\x84\xe7\xac\xac\0"
    "\xe7\x9a\x84\xe6\xad\x8c\0"
    "\xe7\x9a\x84\xe4\xb9\xa6\0"
    "\xe7\x9a\x87\xe5\xb8\x9d\0"
    "\xe7\x9a\xae\xe8\x82\xa4\0"
    "\xe7\x9b\x88\xe5\x88\xa9\0"
    "\xe7\x9b\x91\xe7\x9d\xa3\0"
    "\xe7\x9b\x91\xe6\x8e\xa7\0"
    "\xe7\x9b\x91\xe7\xae\xa1\0"
    "\xe7\x9b\x91\xe6\xb5\x8b\0"
    "\xe7\x9b\x91\xe7\x8b\xb1\0"
    "\xe7\x9b\x92\xe5\xad\x90\0"
    "\xe7\x9b\x97\xe7\x89\x88\0"
    "\xe7\x9b\x98\xe6\xa0\xb9\xe9\x94\x99\xe8\x8a\x82\0"
    "\xe7\x9b\x9b\xe5\x86\xb5\xe7\xa9\xba\xe5\x89\x8d\0"
    "\xe7\x9b\xae\xe5\x89\x8d\0"
    "\xe7\x9b\xae\xe6\xa0\x87\0"
    "\xe7\x9b\xae\xe7\x9a\x84\0"
    "\xe7\x9b\xae\xe5\xbd\x95\0"
    "\xe7\x9b\xae\xe4\xb8\x8d\xe6\x9a\x87\xe6\x8e\xa5\0"
    "\xe7\x9b\xae\xe5\x85\x89\0"
    "\xe7\x9b\xaf\xe7\x9d\x80\0"
    "\xe7\x9b\xb2\xe7\x9b\xae\0"
    "\xe7\x9b\xb4\xe6\x8e\xa5\0"
    "\xe7\x9b\xb4\xe5\x88\xb0\0"
    "\xe7\x9b\xb4\xe6\x92\xad\0"
    "\xe7\x9b\xb8\xe5\x85\xb3\0"
    "\xe7\x9b\xb8\xe4\xbf\xa1\0"
    "\xe7\x9b\xb8\xe5\xbd\x93\0"
    "\xe7\x9b\xb8\xe5\xaf\xb9\0"
    "\xe7\x9b\xb8\xe5\xba\x94\0"
    "\xe7\x9b\xb8\xe6\xaf\x94\0"
    "\xe7\x9b\xb8\xe5\x90\x8c\0"
    "\xe7\x9b\xb8\xe4\xba\x92\0"
    "\xe7\x9b\xb8\xe6\x9c\xba\0"
    "\xe7\x9b\xb8\xe4\xbc\xbc\0"
    "\xe7\x9b\xb8\xe5\x86\x8c\0"
    "\xe7\x9b\xb8\xe5\x8f\x8d\0"
    "\xe7\x9b\xb8\xe5\xae\x89\xe6\x97\xa0\xe4\xba\x8b\0"
    "\xe7\x9b\xb8\xe5\xa4\x84\0"
    "\xe7\x9b\xb8\xe6\x98\xa0\xe6\x88\x90\xe8\xb6\xa3\0"
    "\xe7\x9b\xb8\xe7\x89\x87\0"
    "\xe7\x9c\x81\xe7\xba\xa7\0"
    "\xe7\x9c\x8b\xe5\x88\xb0\0"
    "\xe7\x9c\x8b\xe7\x9c\x8b\0"
    "\xe7\x9c\x8b\xe6\x9d\xa5\0"
    "\xe7\x9c\x8b\xe8\xa7\x81\0"
    "\xe7\x9c\x8b\xe4\xba\x86\0"
    "\xe7\x9c\x8b\xe7\x9d\x80\0"
    "\xe7\x9c\x8b\xe8\xbf\x87\0"
    "\xe7\x9c\x8b\xe6\xb3\x95\0"
    "\xe7\x9c\x8b\xe4\xb8\x8d\xe5\x88\xb0\0"
    "\xe7\x9c\x8b\xe8\xb5\xb7\xe6\x9d\xa5\0"
    "\xe7\x9c\x8b\xe4\xbd\xa0\0"
    "\xe7\x9c\x8b\xe5\xa5\xbd\0"
    "\xe7\x9c\x8b\xe5\xae\x8c\0"
    "\xe7\x9c\x8b\xe4\xb9\xa6\0"
    "\xe7\x9c\x8b\xe5\xbe\x97\0"
    "\xe7\x9c\x8b\xe4\xb8\x8a\xe5\x8e\xbb\0"
    "\xe7\x9c\x9f\xe7\x9a\x84\0"
    "\xe7\x9c\x9f\xe6\x98\xaf\0"
    "\xe7\x9c\x9f\xe6\xad\xa3\0"
    "\xe7\x9c\x9f\xe5\xae\x9e\0"
    "\xe7\x9c\x9f\xe5\xbf\x83\xe5\xae\x9e\xe6\x84\x8f\0"
    "\xe7\x9c\x9f\xe7\x9f\xa5\xe7\x81\xbc\xe8\xa7\x81\0"
    "\xe7\x9c\x9f\xe7\x9b\xb8\xe5\xa4\xa7\xe7\x99\xbd\0"
    "\xe7\x9c\x9f\xe8\xaf\x9a\0"
    "\xe7\x9c\x9f\xe7\x9a\x84\xe5\xbe\x88\0"
    "\xe7\x9c\x9f\xe5\xa5\xbd\0"
    "\xe7\x9c\x9f\xe7\x9b\xb8\0"
    "\xe7\x9c\x9f\xe5\x88\x80\xe7\x9c\x9f\xe6\x9e\xaa\0"
    "\xe7\x9c\x9f\xe5\xbf\x83\0"
    "\xe7\x9c\x9f\xe6\x83\x85\xe5\xae\x9e\xe6\x84\x9f\0"
    "\xe7\x9c\x9f\xe5\xae\x9e\xe6\x80\xa7\0"
    "\xe7\x9c\x9f\xe7\x90\x86\0"
    "\xe7\x9c\xbc\xe7\x9d\x9b\0"
    "\xe7\x9c\xbc\xe5\x89\x8d\0"
    "\xe7\x9c\xbc\xe6\xb3\xaa\0"
    "\xe7\x9c\xbc\xe7\xa5\x9e\0"
    "\xe7\x9c\xbc\xe5\x85\x89\0"
    "\xe7\x9c\xbc\xe9\x87\x8c\0"
    "\xe7\x9c\xbc\xe9\x95\x9c\0"
    "\xe7\x9c\xbc\xe4\xb8\xad\0"
    "\xe7\x9d\x80\xe6\x80\xa5\0"
    "\xe7\x9d\xa1\xe8\xa7\x89\0"
    "\xe7\x9d\xa1\xe7\x9c\xa0\0"
    "\xe7\x9d\xa1\xe7\x9d\x80\0"
    "\xe7\x9e\x92\xe5\xa4\xa9\xe8\xbf\x87\xe6\xb5\xb7\0"
    "\xe7\x9e\xac\xe9\x97\xb4\0"
    "\xe7\x9e\xac\xe6\x81\xaf\xe4\xb8\x87\xe5\x8f\x98\0"
    "\xe7\x9f\x9b\xe7\x9b\xbe\0"
    "\xe7\x9f\xa2\xe5\xbf\x97\xe4\xb8\x8d\xe6\xb8\x9d\0"
    "\xe7\x9f\xa2\xe5\x8f\xa3\xe5\x90\xa6\xe8\xae\xa4\0"
    "\xe7\x9f\xa5\xe9\x81\x93\0"
    "\xe7\x9f\xa5\xe8\xaf\x86\0"
    "\xe7\x9f\xa5\xe5\x90\x8d\0"
    "\xe7\x9f\xa5\xe6\xb3\x95\xe7\x8a\xaf\xe6\xb3\x95\0"
    "\xe7\x9f\xa5\xe9\x81\x93\xe8\x87\xaa\xe5\xb7\xb1\0"
    "\xe7\x9f\xad\xe4\xbf\xa1\0"
    "\xe7\x9f\xad\xe6\x9c\x9f\0"
    "\xe7\x9f\xad\xe7\xba\xbf\0"
    "\xe7\x9f\xad\xe6\x9a\x82\0"
    "\xe7\x9f\xb3\xe5\xa4\xb4\0"
    "\xe7\x9f\xb3\xe6\xb2\xb9\0"
    "\xe7\x9f\xb3\xe6\xb2\x89\xe5\xa4\xa7\xe6\xb5\xb7\0"
    "\xe7\xa0\x94\xe7\xa9\xb6\0"
    "\xe7\xa0\x94\xe5\x8f\x91\0"
    "\xe7\xa0\x94\xe7\xa9\xb6\xe7\x94\x9f\0"
    "\xe7\xa0\x94\xe7\xa9\xb6\xe6\x89\x80\0"
    "\xe7\xa0\x94\xe5\x88\xb6\0"
    "\xe7\xa0\xb4\xe5\x9d\x8f\0"
    "\xe7\xa0\xb4\xe8\xa7\xa3\0"
    "\xe7\xa0\xb4\xe9\x97\xa8\xe8\x80\x8c\xe5\x85\xa5\0"
    "\xe7\xa1\x95\xe5\xa3\xab\0"
    "\xe7\xa1\xac\xe7\x9b\x98\0"
    "\xe7\xa1\xac\xe4\xbb\xb6\0"
    "\xe7\xa1\xae\xe5\xae\x9a\0"
    "\xe7\xa1\xae\xe5\xae\x9e\0"
    "\xe7\xa1\xae\xe8\xae\xa4\0"
    "\xe7\xa1\xae\xe4\xbf\x9d\0"
    "\xe7\xa1\xae\xe6\x9c\x89\xe5\x85\xb6\xe4\xba\x8b\0"
    "\xe7\xa2\xb0\xe5\x88\xb0\0"
    "\xe7\xa4\xba\xe8\x8c\x83\0"
    "\xe7\xa4\xbc\xe7\x89\xa9\0"
    "\xe7\xa4\xbc\xe6\x8b\x9c\0"
    "\xe7\xa4\xbc\xe5\xb0\x9a\xe5\xbe\x80\xe6\x9d\xa5\0"
    "\xe7\xa4\xbe\xe4\xbc\x9a\0"
    "\xe7\xa4\xbe\xe5\x8c\xba\0"
    "\xe7\xa4\xbe\xe4\xbc\x9a\xe4\xb8\xbb\xe4\xb9\x89\0"
    "\xe7\xa5\x96\xe5\x9b\xbd\0"
    "\xe7\xa5\x9d\xe7\xa6\x8f\0"
    "\xe7\xa5\x9e\xe7\xa7\x98\0"
    "\xe7\xa5\x9e\xe7\xbb\x8f\0"
    "\xe7\xa5\x9e\xe5\xa5\x87\0"
    "\xe7\xa5\x9e\xe8\xaf\x9d\0"
    "\xe7\xa6\x81\xe6\xad\xa2\0"
    "\xe7\xa6\x8f\xe5\xbb\xba\0"
    "\xe7\xa6\x8f\xe5\xb7\x9e\0"
    "\xe7\xa6\x8f\xe5\x88\xa9\0"
    "\xe7\xa6\xbb\xe5\xbc\x80\0"
    "\xe7\xa6\xbb\xe5\xa9\x9a\0"
    "\xe7\xa7\x81\xe4\xba\xba\0"
    "\xe7\xa7\x8b\xe9\xab\x98\xe6\xb0\x94\xe7\x88\xbd\0"
    "\xe7\xa7\x8b\xe5\xa4\xa9\0"
    "\xe7\xa7\x8d\xe7\xa7\x8d\0"
    "\xe7\xa7\x8d\xe5\xad\x90\0"
    "\xe7\xa7\x8d\xe7\xb1\xbb\0"
    "\xe7\xa7\x8d\xe6\xa4\x8d\0"
    "\xe7\xa7\x91\xe6\x8a\x80\0"
    "\xe7\xa7\x91\xe5\xad\xa6\0"
    "\xe7\xa7\x91\xe5\xad\xa6\xe5\xae\xb6\0"
    "\xe7\xa7\x91\xe7\xa0\x94\0"
    "\xe7\xa7\x91\xe7\x8f\xad\xe5\x87\xba\xe8\xba\xab\0"
    "\xe7\xa7\x98\xe5\xaf\x86\0"
    "\xe7\xa7\x98\xe4\xb9\xa6\0"
    "\xe7\xa7\xa9\xe5\xba\x8f\0"
    "\xe7\xa7\xaf\xe6\x9e\x81\0"
    "\xe7\xa7\xaf\xe5\x88\x86\0"
    "\xe7\xa7\xaf\xe7\xb4\xaf\0"
    "\xe7\xa7\xaf\xe5\x8a\xb3\xe6\x88\x90\xe7\x96\xbe\0"
    "\xe7\xa7\xaf\xe9\x87\x8d\xe9\x9a\xbe\xe8\xbf\x94\0"
    "\xe7\xa7\xb0\xe4\xb8\xba\0"
    "\xe7\xa7\xbb\xe5\x8a\xa8\0"
    "\xe7\xa7\xbb\xe6\xb0\x91\0"
    "\xe7\xa7\xbb\xe9\xa3\x8e\xe6\x98\x93\xe4\xbf\x97\0"
    "\xe7\xa8\x8b\xe5\xba\x8f\0"
    "\xe7\xa8\x8b\xe5\xba\xa6\0"
    "\xe7\xa8\x8d\xe5\xbe\xae\0"
    "\xe7\xa8\x8d\xe7\xad\x89\0"
    "\xe7\xa8\x8d\xe7\xba\xb5\xe5\x8d\xb3\xe9\x80\x9d\0"
    "\xe7\xa8\x8e\xe6\x94\xb6\0"
    "\xe7\xa8\xb3\xe5\xae\x9a\0"
    "\xe7\xa8\xb3\xe6\x89\x8e\xe7\xa8\xb3\xe6\x89\x93\0"
    "\xe7\xa8\xbf\xe4\xbb\xb6\0"
    "\xe7\xa9\xb6\xe7\xab\x9f\0"
    "\xe7\xa9\xb7\xe5\x87\xb6\xe6\x9e\x81\xe6\x81\xb6\0"
    "\xe7\xa9\xba\xe9\x97\xb4\0"
    "\xe7\xa9\xba\xe8\xb0\x83\0"
    "\xe7\xa9\xba\xe6\xb0\x94\0"
    "\xe7\xa9\xba\xe7\xa9\xba\xe5\xa6\x82\xe4\xb9\x9f\0"
    "\xe7\xa9\xba\xe4\xb8\xad\0"
    "\xe7\xa9\xba\xe4\xb8\xad\xe6\xa5\xbc\xe9\x98\x81\0"
    "\xe7\xa9\xba\xe7\x99\xbd\0"
    "\xe7\xa9\xbf\xe7\x9d\x80\0"
    "\xe7\xa9\xbf\xe9\x92\x88\xe5\xbc\x95\xe7\xba\xbf\0"
    "\xe7\xaa\x81\xe7\x84\xb6\0"
    "\xe7\xaa\x81\xe7\xa0\xb4\0"
    "\xe7\xaa\x81\xe5\x87\xba\0"
    "\xe7\xaa\x97\xe5\x8f\xa3\0"
    "\xe7\xab\x8b\xe5\x8d\xb3\0"
    "\xe7\xab\x8b\xe5\x88\xbb\0"
    "\xe7\xab\x8b\xe5\x9c\xba\0"
    "\xe7\xab\x8b\xe6\xb3\x95\0"
    "\xe7\xab\x99\xe5\x9c\xa8\0"
    "\xe7\xab\x99\xe7\x82\xb9\0"
    "\xe7\xab\x99\xe9\x95\xbf\0"
    "\xe7\xab\x9e\xe4\xba\x89\0"
    "\xe7\xab\x9e\xe4\xba\x89\xe5\x8a\x9b\0"
    "\xe7\xab\x9f\xe7\x84\xb6\0"
    "\xe7\xab\xaf\xe5\x8f\xa3\0"
    "\xe7\xac\x91\xe8\xaf\x9d\0"
    "\xe7\xac\x91\xe5\xae\xb9\0"
    "\xe7\xac\x91\xe4\xba\x86\0"
    "\xe7\xac\x91\xe5\xae\xb9\xe6\xbb\xa1\xe9\x9d\xa2\0"
    "\xe7\xac\x91\xe7\x9d\x80\0"
    "\xe7\xac\x94\xe8\xae\xb0\xe6\x9c\xac\0"
    "\xe7\xac\x94\xe8\x80\x85\0"
    "\xe7\xac\xa6\xe5\x90\x88\0"
    "\xe7\xac\xa6\xe5\x8f\xb7\0"
    "\xe7\xac\xac\xe4\xb8\x80\0"
    "\xe7\xac\xac\xe4\xb8\x80\xe6\xac\xa1\0"
    "\xe7\xac\xac\xe4\xba\x8c\0"
    "\xe7\xac\xac\xe4\xb8\x89\0"
    "\xe7\xac\xac\xe4\xba\x8c\xe5\xa4\xa9\0"
    "\xe7\xac\xac\xe5\x9b\x9b\0"
    "\xe7\xac\xac\xe4\xba\x8c\xe6\xac\xa1\0"
    "\xe7\xac\xac\xe4\xb8\x80\xe5\xa4\xa9\0"
    "\xe7\xad\x89\xe7\xad\x89\0"
    "\xe7\xad\x89\xe5\xbe\x85\0"
    "\xe7\xad\x89\xe7\xba\xa7\0"
    "\xe7\xad\x89\xe7\x9d\x80\0"
    "\xe7\xad\x89\xe4\xba\x8e\0"
    "\xe7\xad\x89\xe5\x88\xb0\0"
    "\xe7\xad\x89\xe4\xbd\xa0\0"
    "\xe7\xad\x89\xe6\x88\x91\0"
    "\xe7\xad\x89\xe4\xba\xba\0"
    "\xe7\xad\x89\xe5\x9c\xb0\0"
    "\xe7\xad\x94\xe6\xa1\x88\0"
    "\xe7\xad\x94\xe5\xba\x94\0"
    "\xe7\xad\x94\xe5\xa4\x8d\0"
    "\xe7\xad\x94\xe8\xbe\xa9\0"
    "\xe7\xad\x96\xe7\x95\xa5\0"
    "\xe7\xad\x96\xe5\x88\x92\0"
    "\xe7\xad\xbe\xe5\x90\x8d\0"
    "\xe7\xad\xbe\xe8\xae\xa2\0"
    "\xe7\xad\xbe\xe8\xaf\x81\0"
    "\xe7\xad\xbe\xe7\xba\xa6\0"
    "\xe7\xad\xbe\xe7\xbd\xb2\0"
    "\xe7\xad\xbe\xe5\xad\x97\0"
    "\xe7\xae\x80\xe5\x8d\x95\0"
    "\xe7\xae\x80\xe7\x9b\xb4\0"
    "\xe7\xae\x80\xe5\x8e\x86\0"
    "\xe7\xae\x80\xe4\xbb\x8b\0"
    "\xe7\xae\x97\xe4\xba\x86\0"
    "\xe7\xae\x97\xe6\x98\xaf\0"
    "\xe7\xae\x97\xe6\xb3\x95\0"
    "\xe7\xae\xa1\xe7\x90\x86\0"
    "\xe7\xae\xa1\xe7\x90\x86\xe5\x91\x98\0"
    "\xe7\xae\xad\xe5\x9c\xa8\xe5\xbc\xa6\xe4\xb8\x8a\0"
    "\xe7\xae\xb1\xe5\xad\x90\0"
    "\xe7\xaf\x87\xe6\x96\x87\xe7\xab\xa0\0"
    "\xe7\xaf\xae\xe7\x90\x83\0"
    "\xe7\xb1\xb3\xe5\x85\xb0\0"
    "\xe7\xb1\xbb\xe5\x9e\x8b\0"
    "\xe7\xb1\xbb\xe4\xbc\xbc\0"
    "\xe7\xb1\xbb\xe5\x88\xab\0"
    "\xe7\xb2\x89\xe4\xb8\x9d\0"
    "\xe7\xb2\x89\xe5\xa2\xa8\xe7\x99\xbb\xe5\x9c\xba\0"
    "\xe7\xb2\x97\xe5\x88\xb6\xe6\xbb\xa5\xe9\x80\xa0\0"
    "\xe7\xb2\x98\xe8\xb4\xb4\0"
    "\xe7\xb2\xae\xe9\xa3\x9f\0"
    "\xe7\xb2\xbe\xe7\xa5\x9e\0"
    "\xe7\xb2\xbe\xe5\xbd\xa9\0"
    "\xe7\xb2\xbe\xe5\x8a\x9b\0"
    "\xe7\xb2\xbe\xe8\x8b\xb1\0"
    "\xe7\xb2\xbe\xe5\x85\xb5\xe5\xbc\xba\xe5\xb0\x86\0"
    "\xe7\xb2\xbe\xe5\x93\x81\0"
    "\xe7\xb2\xbe\xe7\x81\xb5\0"
    "\xe7\xb2\xbe\xe5\x8d\x8e\0"
    "\xe7\xb2\xbe\xe7\xa5\x9e\xe6\x81\x8d\xe6\x83\x9a\0"
    "\xe7\xb2\xbe\xe8\x80\x95\xe7\xbb\x86\xe4\xbd\x9c\0"
    "\xe7\xb2\xbe\xe5\xbf\x83\0"
    "\xe7\xb2\xbe\xe8\x87\xb4\0"
    "\xe7\xb3\xbb\xe7\xbb\x9f\0"
    "\xe7\xb3\xbb\xe5\x88\x97\0"
    "\xe7\xb4\xa0\xe8\xb4\xa8\0"
    "\xe7\xb4\xa2\xe5\xb0\xbc\0"
    "\xe7\xb4\xa7\xe5\xbc\xa0\0"
    "\xe7\xb4\xa7\xe6\x80\xa5\0"
    "\xe7\xb4\xa7\xe7\xb4\xa7\0"
    "\xe7\xb4\xaf\xe8\xae\xa1\0"
    "\xe7\xb5\xae\xe7\xb5\xae\xe5\x8f\xa8\xe5\x8f\xa8\0"
    "\xe7\xb9\x81\xe8\x8d\xa3\xe6\x98\x8c\xe7\x9b\x9b\0"
    "\xe7\xb9\x81\xe8\x8d\xa3\xe5\xaf\x8c\xe5\xbc\xba\0"
    "\xe7\xb9\x81\xe8\x8d\xa3\0"
    "\xe7\xba\xa0\xe7\xba\xb7\0"
    "\xe7\xba\xa2\xe8\x89\xb2\0"
    "\xe7\xba\xa2\xe5\x8c\x85\0"
    "\xe7\xba\xa2\xe7\x99\xbd\xe5\x96\x9c\xe4\xba\x8b\0"
    "\xe7\xba\xa6\xe5\xae\x9a\xe4\xbf\x97\xe6\x88\x90\0"
    "\xe7\xba\xa6\xe5\xae\x9a\0"
    "\xe7\xba\xa6\xe6\xb3\x95\xe4\xb8\x89\xe7\xab\xa0\0"
    "\xe7\xba\xa6\xe6\x9d\x9f\0"
    "\xe7\xba\xa7\xe5\x88\xab\0"
    "\xe7\xba\xaa\xe5\xbf\xb5\0"
    "\xe7\xba\xaa\xe5\xbd\x95\0"
    "\xe7\xba\xaf\xe7\xb2\xb9\0"
    "\xe7\xba\xb3\xe5\x85\xa5\0"
    "\xe7\xba\xb7\xe7\xba\xb7\0"
    "\xe7\xba\xb8\xe9\x86\x89\xe9\x87\x91\xe8\xbf\xb7\0"
    "\xe7\xba\xb9\xe4\xb8\x9d\xe4\xb8\x8d\xe5\x8a\xa8\0"
    "\xe7\xba\xbd\xe7\xba\xa6\0"
    "\xe7\xba\xbf\xe8\xb7\xaf\0"
    "\xe7\xbb\x83\xe4\xb9\xa0\0"
    "\xe7\xbb\x83\xe7\xba\xa7\0"
    "\xe7\xbb\x84\xe7\xbb\x87\0"
    "\xe7\xbb\x84\xe6\x88\x90\0"
    "\xe7\xbb\x84\xe5\x90\x88\0"
    "\xe7\xbb\x84\xe5\xbb\xba\0"
    "\xe7\xbb\x84\xe4\xbb\xb6\0"
    "\xe7\xbb\x86\xe8\x8a\x82\0"
    "\xe7\xbb\x86\xe8\x83\x9e\0"
    "\xe7\xbb\x88\xe4\xba\x8e\0"
    "\xe7\xbb\x88\xe7\xab\xaf\0"
    "\xe7\xbb\x8f\xe6\xb5\x8e\0"
    "\xe7\xbb\x8f\xe5\xb8\xb8\0"
    "\xe7\xbb\x8f\xe9\xaa\x8c\0"
    "\xe7\xbb\x8f\xe8\xbf\x87\0"
    "\xe7\xbb\x8f\xe5\x8e\x86\0"
    "\xe7\xbb\x8f\xe8\x90\xa5\0"
    "\xe7\xbb\x8f\xe7\x90\x86\0"
    "\xe7\xbb\x8f\xe5\x85\xb8\0"
    "\xe7\xbb\x8f\xe6\xb5\x8e\xe5\x8f\x91\xe5\xb1\x95\0"
    "\xe7\xbb\x8f\xe9\x94\x80\xe5\x95\x86\0"
    "\xe7\xbb\x8f\xe8\xb4\xb9\0"
    "\xe7\xbb\x8f\xe4\xb9\x85\xe4\xb8\x8d\xe6\x81\xaf\0"
    "\xe7\xbb\x91\xe5\xae\x9a\0"
    "\xe7\xbb\x93\xe6\x9e\x9c\0"
    "\xe7\xbb\x93\xe5\xa9\x9a\0"
    "\xe7\xbb\x93\xe6\x9d\x9f\0"
    "\xe7\xbb\x93\xe6\x9e\x84\0"
    "\xe7\xbb\x93\xe5\x90\x88\0"
    "\xe7\xbb\x93\xe8\xae\xba\0"
    "\xe7\xbb\x93\xe5\xb1\x80\0"
    "\xe7\xbb\x93\xe7\xae\x97\0"
    "\xe7\xbb\x99\xe6\x88\x91\0"
    "\xe7\xbb\x99\xe4\xbd\xa0\0"
    "\xe7\xbb\x99\xe4\xbb\x96\0"
    "\xe7\xbb\x99\xe4\xba\x88\0"
    "\xe7\xbb\x99\xe5\xa5\xb9\0"
    "\xe7\xbb\x99\xe4\xba\xba\0"
    "\xe7\xbb\x99\xe5\x87\xba\0"
    "\xe7\xbb\x99\xe4\xba\x86\0"
    "\xe7\xbb\x9d\xe5\xaf\xb9\0"
    "\xe7\xbb\x9d\xe4\xb8\x8d\0"
    "\xe7\xbb\x9d\xe6\x9c\x9b\0"
    "\xe7\xbb\x9d\xe5\xa4\xa7\xe5\xa4\x9a\xe6\x95\xb0\0"
    "\xe7\xbb\x9f\xe4\xb8\x80\0"
    "\xe7\xbb\x9f\xe7\xad\xb9\xe5\x85\xbc\xe9\xa1\xbe\0"
    "\xe7\xbb\x9f\xe8\xae\xa1\0"
    "\xe7\xbb\xa7\xe7\xbb\xad\0"
    "\xe7\xbb\xa7\xe5\xbe\x80\xe5\xbc\x80\xe6\x9d\xa5\0"
    "\xe7\xbb\xa7\xe6\x89\xbf\0"
    "\xe7\xbb\xb3\xe4\xb9\x8b\xe4\xbb\xa5\xe6\xb3\x95\0"
    "\xe7\xbb\xb4\xe6\x8a\xa4\0"
    "\xe7\xbb\xb4\xe6\x8c\x81\0"
    "\xe7\xbb\xb4\xe4\xbf\xae\0"
    "\xe7\xbb\xb4\xe7\x94\x9f\xe7\xb4\xa0\0"
    "\xe7\xbb\xbc\xe5\x90\x88\0"
    "\xe7\xbb\xbf\xe6\xb0\xb4\xe9\x9d\x92\xe5\xb1\xb1\0"
    "\xe7\xbb\xbf\xe8\x89\xb2\0"
    "\xe7\xbc\x93\xe8\xa7\xa3\0"
    "\xe7\xbc\x93\xe6\x85\xa2\0"
    "\xe7\xbc\x96\xe8\xbe\x91\0"
    "\xe7\xbc\x96\xe5\x8f\xb7\0"
    "\xe7\xbc\x96\xe7\xa0\x81\0"
    "\xe7\xbc\x96\xe7\xa8\x8b\0"
    "\xe7\xbc\x96\xe5\x86\x99\0"
    "\xe7\xbc\x96\xe5\x88\xb6\0"
    "\xe7\xbc\x96\xe8\xaf\x91\0"
    "\xe7\xbc\x98\xe5\x88\x86\0"
    "\xe7\xbc\xb4\xe7\xba\xb3\0"
    "\xe7\xbc\xba\xe4\xb9\x8f\0"
    "\xe7\xbc\xba\xe5\xb0\x91\0"
    "\xe7\xbc\xba\xe7\x82\xb9\0"
    "\xe7\xbc\xba\xe9\x99\xb7\0"
    "\xe7\xbd\x91\xe7\xab\x99\0"
    "\xe7\xbd\x91\xe7\xbb\x9c\0"
    "\xe7\xbd\x91\xe4\xb8\x8a\0"
    "\xe7\xbd\x91\xe5\x8f\x8b\0"
    "\xe7\xbd\x91\xe9\xa1\xb5\0"
    "\xe7\xbd\x91\xe5\x90\xa7\0"
    "\xe7\xbd\x91\xe5\x9d\x80\0"
    "\xe7\xbd\x91\xe6\xb0\x91\0"
    "\xe7\xbd\x91\xe9\x80\x9a\0"
    "\xe7\xbd\x91\xe5\xbc\x80\xe4\xb8\x80\xe9\x9d\xa2\0"
    "\xe7\xbd\x91\xe6\xb8\xb8\0"
    "\xe7\xbd\x91\xe5\x8d\xa1\0"
    "\xe7\xbd\x91\xe9\x80\x9f\0"
    "\xe7\xbd\x91\xe6\x98\x93\0"
    "\xe7\xbd\x97\xe9\xa9\xac\0"
    "\xe7\xbd\xa2\xe4\xba\x86\0"
    "\xe7\xbd\xae\xe8\x8b\xa5\xe7\xbd\x94\xe9\x97\xbb\0"
    "\xe7\xbd\xae\xe8\xba\xab\xe4\xba\x8b\xe5\xa4\x96\0"
    "\xe7\xbe\x8e\xe5\x9b\xbd\0"
    "\xe7\xbe\x8e\xe5\xa5\xb3\0"
    "\xe7\xbe\x8e\xe4\xb8\xbd\0"
    "\xe7\xbe\x8e\xe5\x85\x83\0"
    "\xe7\xbe\x8e\xe5\xa5\xbd\0"
    "\xe7\xbe\x8e\xe4\xba\xba\0"
    "\xe7\xbe\x8e\xe4\xb8\x8d\xe8\x83\x9c\xe6\x94\xb6\0"
    "\xe7\xbe\x8e\xe5\x9b\xbd\xe4\xba\xba\0"
    "\xe7\xbe\x8e\xe9\xa3\x9f\0"
    "\xe7\xbe\x8e\xe5\xae\xb9\0"
    "\xe7\xbe\x8e\xe5\x86\x9b\0"
    "\xe7\xbe\xa1\xe6\x85\x95\0"
    "\xe7\xbe\xa4\xe4\xbc\x97\0"
    "\xe7\xbe\xa4\xe7\xad\x96\xe7\xbe\xa4\xe5\x8a\x9b\0"
    "\xe7\xbe\xa4\xe4\xbd\x93\0"
    "\xe7\xbe\xa4\xe9\x87\x8c\0"
    "\xe7\xbf\xbb\xe8\xaf\x91\0"
    "\xe7\xbf\xbb\xe5\xb1\xb1\xe8\xb6\x8a\xe5\xb2\xad\0"
    "\xe8\x80\x81\xe5\xb8\x88\0"
    "\xe8\x80\x81\xe5\xa9\x86\0"
    "\xe8\x80\x81\xe6\x9d\xbf\0"
    "\xe8\x80\x81\xe5\x85\xac\0"
    "\xe8\x80\x81\xe5\xa4\xa7\0"
    "\xe8\x80\x81\xe5\xad\x90\0"
    "\xe8\x80\x81\xe4\xba\xba\0"
    "\xe8\x80\x81\xe6\x98\xaf\0"
    "\xe8\x80\x81\xe7\x99\xbe\xe5\xa7\x93\0"
    "\xe8\x80\x81\xe8\x94\xab\0"
    "\xe8\x80\x81\xe7\x94\x9f\xe5\xb8\xb8\xe8\xb0\x88\0"
    "\xe8\x80\x81\xe7\x88\xb8\0"
    "\xe8\x80\x81\xe8\x99\x8e\0"
    "\xe8\x80\x81\xe5\xa6\x88\0"
    "\xe8\x80\x81\xe5\xae\x9e\0"
    "\xe8\x80\x81\xe9\xbc\xa0\0"
    "\xe8\x80\x83\xe8\x99\x91\0"
    "\xe8\x80\x83\xe8\xaf\x95\0"
    "\xe8\x80\x83\xe7\x94\x9f\0"
    "\xe8\x80\x83\xe5\xaf\x9f\0"
    "\xe8\x80\x83\xe6\xa0\xb8\0"
    "\xe8\x80\x83\xe7\xa0\x94\0"
    "\xe8\x80\x83\xe9\xaa\x8c\0"
    "\xe8\x80\x8c\xe4\xb8\x94\0"
    "\xe8\x80\x8c\xe5\xb7\xb2\0"
    "\xe8\x80\x8c\xe6\x98\xaf\0"
    "\xe8\x80\x8c\xe8\xa8\x80\0"
    "\xe8\x80\x8c\xe4\xb8\x8d\xe6\x98\xaf\0"
    "\xe8\x80\x8c\xe7\xab\x8b\xe4\xb9\x8b\xe5\xb9\xb4\0"
    "\xe8\x80\x8c\xe4\xb8\x8d\0"
    "\xe8\x80\x8c\xe5\x9c\xa8\0"
    "\xe8\x80\x8c\xe5\x8f\x88\0"
    "\xe8\x80\x8c\xe6\x9d\xa5\0"
    "\xe8\x80\x90\xe5\xbf\x83\0"
    "\xe8\x80\xb3\xe6\xbf\xa1\xe7\x9b\xae\xe6\x9f\x93\0"
    "\xe8\x80\xb3\xe6\x9c\xba\0"
    "\xe8\x80\xb3\xe6\x9c\xb5\0"
    "\xe8\x80\xb8\xe4\xba\xba\xe5\x90\xac\xe9\x97\xbb\0"
    "\xe8\x80\xbd\xe8\xaf\xaf\0"
    "\xe8\x81\x8a\xe5\xa4\xa9\0"
    "\xe8\x81\x8a\xe8\x81\x8a\0"
    "\xe8\x81\x8c\xe4\xb8\x9a\0"
    "\xe8\x81\x8c\xe5\xb7\xa5\0"
    "\xe8\x81\x8c\xe4\xbd\x8d\0"
    "\xe8\x81\x8c\xe8\xb4\xa3\0"
    "\xe8\x81\x8c\xe5\x8a\xa1\0"
    "\xe8\x81\x8c\xe8\x83\xbd\0"
    "\xe8\x81\x94\xe7\xb3\xbb\0"
    "\xe8\x81\x94\xe5\x90\x88\0"
    "\xe8\x81\x94\xe7\x9b\x9f\0"
    "\xe8\x81\x94\xe6\x83\xb3\0"
    "\xe8\x81\x94\xe9\x80\x9a\0"
    "\xe8\x81\x94\xe8\xb5\x9b\0"
    "\xe8\x81\x94\xe5\x90\x88\xe5\x9b\xbd\0"
    "\xe8\x81\x94\xe7\xbb\x9c\0"
    "\xe8\x81\x9a\xe4\xbc\x9a\0"
    "\xe8\x81\x9a\xe9\x9b\x86\0"
    "\xe8\x81\xaa\xe6\x98\x8e\0"
    "\xe8\x82\x83\xe7\x84\xb6\xe8\xb5\xb7\xe6\x95\xac\0"
    "\xe8\x82\x8c\xe8\x82\xa4\0"
    "\xe8\x82\x8c\xe8\x82\x89\0"
    "\xe8\x82\x9a\xe5\xad\x90\0"
    "\xe8\x82\xa1\xe7\xa5\xa8\0"
    "\xe8\x82\xa1\xe5\xb8\x82\0"
    "\xe8\x82\xa1\xe4\xbb\xbd\0"
    "\xe8\x82\xa1\xe4\xbb\xb7\0"
    "\xe8\x82\xa1\xe4\xb8\x9c\0"
    "\xe8\x82\xa1\xe6\x9d\x83\0"
    "\xe8\x82\xa1\xe6\xb0\x91\0"
    "\xe8\x82\xa9\xe8\x86\x80\0"
    "\xe8\x82\xaf\xe5\xae\x9a\0"
    "\xe8\x83\x86\xe5\xa4\xa7\xe5\xa6\x84\xe4\xb8\xba\0"
    "\xe8\x83\x8c\xe6\x99\xaf\0"
    "\xe8\x83\x8c\xe5\x90\x8e\0"
    "\xe8\x83\x8c\xe4\xba\x95\xe7\xa6\xbb\xe4\xb9\xa1\0"
    "\xe8\x83\x8c\xe6\xb0\xb4\xe4\xb8\x80\xe6\x88\x98\0"
    "\xe8\x83\x96\xe5\xad\x90\0"
    "\xe8\x83\x9c\xe5\x88\xa9\0"
    "\xe8\x83\xbd\xe5\xa4\x9f\0"
    "\xe8\x83\xbd\xe5\x8a\x9b\0"
    "\xe8\x83\xbd\xe5\x90\xa6\0"
    "\xe8\x83\xbd\xe6\xba\x90\0"
    "\xe8\x83\xbd\xe9\x87\x8f\0"
    "\xe8\x83\xbd\xe4\xb8\x8a\xe8\x83\xbd\xe4\xb8\x8b\0"
    "\xe8\x83\xbd\xe5\x9c\xa8\0"
    "\xe8\x83\xbd\xe8\xae\xa9\0"
    "\xe8\x83\xbd\xe6\x9c\x89\0"
    "\xe8\x84\x82\xe8\x82\xaa\0"
    "\xe8\x84\x86\xe5\xbc\xb1\0"
    "\xe8\x84\x91\xe8\xa2\x8b\0"
    "\xe8\x84\x91\xe5\xad\x90\0"
    "\xe8\x84\x96\xe5\xad\x90\0"
    "\xe8\x84\x9a\xe6\x9c\xac\0"
    "\xe8\x84\xb1\xe7\xa6\xbb\0"
    "\xe8\x84\xb8\xe4\xb8\x8a\0"
    "\xe8\x84\xbe\xe6\xb0\x94\0"
    "\xe8\x85\x90\xe8\xb4\xa5\0"
    "\xe8\x85\xbe\xe7\xa9\xba\xe8\x80\x8c\xe8\xb5\xb7\0"
    "\xe8\x85\xbe\xe8\xae\xaf\0"
    "\xe8\x87\xaa\xe5\xb7\xb1\0"
    "\xe8\x87\xaa\xe7\x84\xb6\0"
    "\xe8\x87\xaa\xe5\x8a\xa8\0"
    "\xe8\x87\xaa\xe7\x94\xb1\0"
    "\xe8\x87\xaa\xe8\xba\xab\0"
    "\xe8\x87\xaa\xe6\x88\x91\0"
    "\xe8\x87\xaa\xe4\xbf\xa1\0"
    "\xe8\x87\xaa\xe9\xa3\x9f\xe5\x85\xb6\xe5\x8a\x9b\0"
    "\xe8\x87\xaa\xe4\xbb\x8e\0"
    "\xe8\x87\xaa\xe6\x9d\x80\0"
    "\xe8\x87\xaa\xe8\xa1\x8c\0"
    "\xe8\x87\xaa\xe8\xa7\x89\0"
    "\xe8\x87\xaa\xe5\x91\x8a\xe5\xa5\x8b\xe5\x8b\x87\0"
    "\xe8\x87\xaa\xe8\xa1\x8c\xe8\xbd\xa6\0"
    "\xe8\x87\xaa\xe5\x9c\x86\xe5\x85\xb6\xe8\xaf\xb4\0"
    "\xe8\x87\xaa\xe4\xb8\xbb\0"
    "\xe8\x87\xb3\xe5\xb0\x91\0"
    "\xe8\x87\xb3\xe4\xba\x8e\0"
    "\xe8\x87\xb3\xe4\xbb\x8a\0"
    "\xe8\x87\xb4\xe5\x8a\x9b\0"
    "\xe8\x88\x86\xe8\xae\xba\xe5\x93\x97\xe7\x84\xb6\0"
    "\xe8\x88\x86\xe8\xae\xba\0"
    "\xe8\x88\x8d\xe8\xbf\x91\xe6\xb1\x82\xe8\xbf\x9c\0"
    "\xe8\x88\x8d\xe5\xb7\xb1\xe6\x95\x91\xe4\xba\xba\0"
    "\xe8\x88\x8d\xe4\xb8\x8d\xe5\xbe\x97\0"
    "\xe8\x88\x92\xe6\x9c\x8d\0"
    "\xe8\x88\x92\xe9\x80\x82\0"
    "\xe8\x88\x9e\xe5\x8f\xb0\0"
    "\xe8\x88\x9e\xe8\xb9\x88\0"
    "\xe8\x88\xaa\xe7\xa9\xba\0"
    "\xe8\x88\xac\xe7\x9a\x84\0"
    "\xe8\x89\xaf\xe5\xa5\xbd\0"
    "\xe8\x89\xb0\xe8\x8b\xa6\xe5\x8d\x93\xe7\xbb\x9d\0"
    "\xe8\x89\xb0\xe8\x8b\xa6\xe5\x88\x9b\xe4\xb8\x9a\0"
    "\xe8\x89\xb0\xe9\x9a\xbe\xe9\x99\xa9\xe9\x98\xbb\0"
    "\xe8\x89\xb0\xe9\x9a\xbe\0"
    "\xe8\x89\xb0\xe9\x9a\xbe\xe5\x9b\xb0\xe8\x8b\xa6\0"
    "\xe8\x89\xb2\xe5\xbd\xa9\0"
    "\xe8\x89\xb2\xe6\x83\x85\0"
    "\xe8\x89\xba\xe6\x9c\xaf\0"
    "\xe8\x89\xba\xe4\xba\xba\0"
    "\xe8\x8a\x82\xe7\x9b\xae\0"
    "\xe8\x8a\x82\xe6\x97\xa5\0"
    "\xe8\x8a\x82\xe7\x82\xb9\0"
    "\xe8\x8a\x82\xe5\xa5\x8f\0"
    "\xe8\x8a\x82\xe8\x83\xbd\0"
    "\xe8\x8a\x82\xe7\xba\xa6\0"
    "\xe8\x8a\x82\xe7\x9c\x81\0"
    "\xe8\x8a\xaf\xe7\x89\x87\0"
    "\xe8\x8a\xb1\xe5\x9b\xad\0"
    "\xe8\x8a\xb1\xe9\x92\xb1\0"
    "\xe8\x8a\xb1\xe8\xb4\xb9\0"
    "\xe8\x8a\xb1\xe6\xa0\xb7\xe7\x99\xbe\xe5\x87\xba\0"
    "\xe8\x8a\xb1\xe6\xa0\xb7\xe7\xbf\xbb\xe6\x96\xb0\0"
    "\xe8\x8b\x8f\xe5\xb7\x9e\0"
    "\xe8\x8b\x8f\xe8\x81\x94\0"
    "\xe8\x8b\xa5\xe5\xb9\xb2\0"
    "\xe8\x8b\xa6\xe5\xbf\x83\xe7\xbb\x8f\xe8\x90\xa5\0"
    "\xe8\x8b\xb1\xe8\xaf\xad\0"
    "\xe8\x8b\xb1\xe6\x96\x87\0"
    "\xe8\x8b\xb1\xe5\x9b\xbd\0"
    "\xe8\x8b\xb1\xe9\x9b\x84\0"
    "\xe8\x8b\xb9\xe6\x9e\x9c\0"
    "\xe8\x8c\x83\xe5\x9b\xb4\0"
    "\xe8\x8d\x92\xe6\xb7\xab\xe6\x97\xa0\xe5\xba\xa6\0"
    "\xe8\x8d\xa3\xe8\xaa\x89\0"
    "\xe8\x8d\xaf\xe7\x89\xa9\0"
    "\xe8\x8d\xaf\xe5\x93\x81\0"
    "\xe8\x8d\xb7\xe6\x9e\xaa\xe5\xae\x9e\xe5\xbc\xb9\0"
    "\xe8\x8d\xb7\xe5\x85\xb0\0"
    "\xe8\x8e\xab\xe5\x90\x8d\xe5\x85\xb6\xe5\xa6\x99\0"
    "\xe8\x8e\xb7\xe5\xbe\x97\0"
    "\xe8\x8e\xb7\xe5\x8f\x96\0"
    "\xe8\x8e\xb7\xe6\x82\x89\0"
    "\xe8\x8f\x9c\xe5\x8d\x95\0"
    "\xe8\x90\x8e\xe9\x9d\xa1\xe4\xb8\x8d\xe6\x8c\xaf\0"
    "\xe8\x90\xa5\xe9\x94\x80\0"
    "\xe8\x90\xa5\xe5\x85\xbb\0"
    "\xe8\x90\xa5\xe9\x80\xa0\0"
    "\xe8\x90\xbd\xe5\x9c\xb0\xe7\x94\x9f\xe6\xa0\xb9\0"
    "\xe8\x90\xbd\xe5\xae\x9e\0"
    "\xe8\x90\xbd\xe5\x90\x8e\0"
    "\xe8\x91\x97\xe5\x90\x8d\0"
    "\xe8\x91\xa3\xe4\xba\x8b\xe9\x95\xbf\0"
    "\xe8\x91\xa3\xe4\xba\x8b\xe4\xbc\x9a\0"
    "\xe8\x92\x99\xe6\xb7\xb7\xe8\xbf\x87\xe5\x85\xb3\0"
    "\xe8\x92\x99\xe5\x9c\xa8\xe9\xbc\x93\xe9\x87\x8c\0"
    "\xe8\x93\x9d\xe8\x89\xb2\0"
    "\xe8\x94\x9a\xe7\x84\xb6\xe6\x88\x90\xe9\xa3\x8e\0"
    "\xe8\x94\xac\xe8\x8f\x9c\0"
    "\xe8\x99\x9a\xe6\x8b\x9f\0"
    "\xe8\x99\xbd\xe7\x84\xb6\0"
    "\xe8\x9a\x8a\xe5\xad\x90\0"
    "\xe8\x9b\x8b\xe7\xb3\x95\0"
    "\xe8\x9b\x8b\xe7\x99\xbd\xe8\xb4\xa8\0"
    "\xe8\x9b\xae\xe4\xb8\x8d\xe8\xae\xb2\xe7\x90\x86\0"
    "\xe8\x9c\x82\xe6\x8b\xa5\xe8\x80\x8c\xe8\x87\xb3\0"
    "\xe8\x9d\xb4\xe8\x9d\xb6\0"
    "\xe8\x9e\x8d\xe4\xbc\x9a\xe8\xb4\xaf\xe9\x80\x9a\0"
    "\xe8\x9e\x8d\xe5\x90\x88\0"
    "\xe8\x9e\x8d\xe8\xb5\x84\0"
    "\xe8\x9e\x8d\xe5\x85\xa5\0"
    "\xe8\xa1\x80\xe8\x82\x89\xe6\xa8\xa1\xe7\xb3\x8a\0"
    "\xe8\xa1\x80\xe6\xb6\xb2\0"
    "\xe8\xa1\x8c\xe4\xb8\x9a\0"
    "\xe8\xa1\x8c\xe4\xb8\xba\0"
    "\xe8\xa1\x8c\xe5\x8a\xa8\0"
    "\xe8\xa1\x8c\xe6\x83\x85\0"
    "\xe8\xa1\x8c\xe6\x94\xbf\0"
    "\xe8\xa1\x8c\xe8\x89\xb2\xe5\x8c\x86\xe5\x8c\x86\0"
    "\xe8\xa1\x8c\xe7\xa8\x8b\0"
    "\xe8\xa1\x8c\xe9\xa9\xb6\0"
    "\xe8\xa1\x97\xe5\xa4\xb4\xe5\xb7\xb7\xe5\xb0\xbe\0"
    "\xe8\xa1\x97\xe9\x81\x93\0"
    "\xe8\xa1\x97\xe5\xa4\xb4\0"
    "\xe8\xa1\x97\xe4\xb8\x8a\0"
    "\xe8\xa1\xa3\xe6\x9c\x8d\0"
    "\xe8\xa1\xa5\xe5\x85\x85\0"
    "\xe8\xa1\xa5\xe4\xb8\x81\0"
    "\xe8\xa1\xa5\xe8\xb4\xb4\0"
    "\xe8\xa1\xa5\xe5\x81\xbf\0"
    "\xe8\xa1\xa8\xe7\xa4\xba\0"
    "\xe8\xa1\xa8\xe7\x8e\xb0\0"
    "\xe8\xa1\xa8\xe8\xbe\xbe\0"
    "\xe8\xa1\xa8\xe6\x98\x8e\0"
    "\xe8\xa1\xa8\xe6\x83\x85\0"
    "\xe8\xa1\xa8\xe6\xbc\x94\0"
    "\xe8\xa1\xa8\xe9\x9d\xa2\0"
    "\xe8\xa1\xa8\xe6\xa0\xbc\0"
    "\xe8\xa1\xa8\xe7\x8e\xb0\xe5\x87\xba\0"
    "\xe8\xa1\xa8\xe9\x9d\xa2\xe6\x96\x87\xe7\xab\xa0\0"
    "\xe8\xa2\x96\xe6\x89\x8b\xe6\x97\x81\xe8\xa7\x82\0"
    "\xe8\xa2\xab\xe4\xba\xba\0"
    "\xe8\xa2\xab\xe5\x8a\xa8\0"
    "\xe8\xa3\x85\xe5\xa4\x87\0"
    "\xe8\xa3\x85\xe4\xbf\xae\0"
    "\xe8\xa3\x85\xe7\xbd\xae\0"
    "\xe8\xa3\x85\xe9\xa5\xb0\0"
    "\xe8\xa3\xa4\xe5\xad\x90\0"
    "\xe8\xa5\xbf\xe5\xae\x89\0"
    "\xe8\xa5\xbf\xe6\x96\xb9\0"
    "\xe8\xa5\xbf\xe8\x97\x8f\0"
    "\xe8\xa5\xbf\xe9\x83\xa8\0"
    "\xe8\xa5\xbf\xe7\x8f\xad\xe7\x89\x99\0"
    "\xe8\xa5\xbf\xe7\x93\x9c\0"
    "\xe8\xa5\xbf\xe8\xa3\x85\xe9\x9d\xa9\xe5\xb1\xa5\0"
    "\xe8\xa6\x81\xe6\xb1\x82\0"
    "\xe8\xa6\x81\xe6\x98\xaf\0"
    "\xe8\xa6\x81\xe4\xb8\x8d\0"
    "\xe8\xa6\x81\xe4\xb9\x88\0"
    "\xe8\xa6\x81\xe5\x8e\xbb\0"
    "\xe8\xa6\x81\xe4\xb8\x8d\xe8\xa6\x81\0"
    "\xe8\xa6\x81\xe6\x9c\x89\0"
    "\xe8\xa6\x81\xe6\x8a\x8a\0"
    "\xe8\xa6\x81\xe5\x81\x9a\0"
    "\xe8\xa6\x81\xe5\x9c\xa8\0"
    "\xe8\xa6\x81\xe6\x83\xb3\0"
    "\xe8\xa6\x81\xe7\x9c\x8b\0"
    "\xe8\xa6\x81\xe7\x94\xa8\0"
    "\xe8\xa6\x81\xe4\xb8\x8d\xe7\x84\xb6\0"
    "\xe8\xa6\x81\xe8\xaf\xb4\0"
    "\xe8\xa6\x81\xe7\xb4\xa0\0"
    "\xe8\xa6\x86\xe7\x9b\x96\0"
    "\xe8\xa7\x81\xe5\x88\xb0\0"
    "\xe8\xa7\x81\xe9\x9d\xa2\0"
    "\xe8\xa7\x81\xe8\xbf\x87\0"
    "\xe8\xa7\x81\xe7\xbc\x9d\xe6\x8f\x92\xe9\x92\x88\0"
    "\xe8\xa7\x81\xe6\xad\xbb\xe4\xb8\x8d\xe6\x95\x91\0"
    "\xe8\xa7\x81\xe8\xb4\xa4\xe6\x80\x9d\xe9\xbd\x90\0"
    "\xe8\xa7\x82\xe7\x82\xb9\0"
    "\xe8\xa7\x82\xe4\xbc\x97\0"
    "\xe8\xa7\x82\xe5\xaf\x9f\0"
    "\xe8\xa7\x82\xe5\xbf\xb5\0"
    "\xe8\xa7\x82\xe7\x9c\x8b\0"
    "\xe8\xa7\x84\xe5\xae\x9a\0"
    "\xe8\xa7\x84\xe5\x88\x92\0"
    "\xe8\xa7\x84\xe8\x8c\x83\0"
    "\xe8\xa7\x84\xe6\xa8\xa1\0"
    "\xe8\xa7\x84\xe5\x88\x99\0"
    "\xe8\xa7\x84\xe5\xbe\x8b\0"
    "\xe8\xa7\x84\xe6\xa0\xbc\0"
    "\xe8\xa7\x86\xe9\xa2\x91\0"
    "\xe8\xa7\x86\xe4\xb8\xba\0"
    "\xe8\xa7\x86\xe8\xa7\x89\0"
    "\xe8\xa7\x89\xe5\xbe\x97\0"
    "\xe8\xa7\x89\xe5\xbe\x97\xe8\x87\xaa\xe5\xb7\xb1\0"
    "\xe8\xa7\x92\xe5\xba\xa6\0"
    "\xe8\xa7\x92\xe8\x89\xb2\0"
    "\xe8\xa7\xa3\xe5\x86\xb3\0"
    "\xe8\xa7\xa3\xe9\x87\x8a\0"
    "\xe8\xa7\xa3\xe7\x96\x91\xe9\x87\x8a\xe6\x83\x91\0"
    "\xe8\xa7\xa3\xe5\x86\xb3\xe6\x96\xb9\xe6\xa1\x88\0"
    "\xe8\xa7\xa3\xe9\x99\xa4\0"
    "\xe8\xa7\xa3\xe6\x9e\x90\0"
    "\xe8\xa7\xa3\xe6\x94\xbe\0"
    "\xe8\xa7\xa3\xe7\xad\x94\0"
    "\xe8\xa7\xa6\xe6\x89\x8b\xe5\x8f\xaf\xe5\x8f\x8a\0"
    "\xe8\xa8\x80\xe4\xbc\xa0\xe8\xba\xab\xe6\x95\x99\0"
    "\xe8\xa8\x80\xe8\xae\xba\0"
    "\xe8\xa8\x80\xe8\xaf\xad\0"
    "\xe8\xa8\x80\xe4\xb9\x8b\xe5\x87\xbf\xe5\x87\xbf\0"
    "\xe8\xa8\x80\xe8\xa1\x8c\xe4\xb8\x80\xe8\x87\xb4\0"
    "\xe8\xad\xa6\xe5\xaf\x9f\0"
    "\xe8\xad\xa6\xe6\x96\xb9\0"
    "\xe8\xad\xa6\xe5\x91\x8a\0"
    "\xe8\xae\xa1\xe5\x88\x92\0"
    "\xe8\xae\xa1\xe7\xae\x97\0"
    "\xe8\xae\xa1\xe7\xae\x97\xe6\x9c\xba\0"
    "\xe8\xae\xa2\xe5\x8d\x95\0"
    "\xe8\xae\xa4\xe4\xb8\xba\0"
    "\xe8\xae\xa4\xe8\xaf\x86\0"
    "\xe8\xae\xa4\xe7\x9c\x9f\0"
    "\xe8\xae\xa4\xe8\xaf\x81\0"
    "\xe8\xae\xa4\xe5\x8f\xaf\0"
    "\xe8\xae\xa4\xe5\xae\x9a\0"
    "\xe8\xae\xa4\xe5\x90\x8c\0"
    "\xe8\xae\xa8\xe8\xae\xba\0"
    "\xe8\xae\xa8\xe5\x8e\x8c\0"
    "\xe8\xae\xa9\xe6\x88\x91\0"
    "\xe8\xae\xa9\xe4\xba\xba\0"
    "\xe8\xae\xa9\xe4\xbd\xa0\0"
    "\xe8\xae\xa9\xe4\xbb\x96\0"
    "\xe8\xae\xa9\xe5\xa5\xb9\0"
    "\xe8\xae\xad\xe7\xbb\x83\0"
    "\xe8\xae\xb0\xe8\x80\x85\0"
    "\xe8\xae\xb0\xe5\xbe\x97\0"
    "\xe8\xae\xb0\xe5\xbd\x95\0"
    "\xe8\xae\xb0\xe5\xbf\x86\0"
    "\xe8\xae\xb0\xe4\xbd\x8f\0"
    "\xe8\xae\xb0\xe8\xbd\xbd\0"
    "\xe8\xae\xb2\xe8\xaf\x9d\0"
    "\xe8\xae\xb2\xe8\xbf\xb0\0"
    "\xe8\xae\xb2\xe7\xa9\xb6\0"
    "\xe8\xae\xb3\xe8\x8e\xab\xe5\xa6\x82\xe6\xb7\xb1\0"
    "\xe8\xae\xb8\xe5\xa4\x9a\0"
    "\xe8\xae\xb8\xe5\x8f\xaf\0"
    "\xe8\xae\xb8\xe5\xa4\x9a\xe4\xba\xba\0"
    "\xe8\xae\xba\xe5\x9d\x9b\0"
    "\xe8\xae\xba\xe6\x96\x87\0"
    "\xe8\xae\xbe\xe8\xae\xa1\0"
    "\xe8\xae\xbe\xe7\xbd\xae\0"
    "\xe8\xae\xbe\xe5\xa4\x87\0"
    "\xe8\xae\xbe\xe7\xab\x8b\0"
    "\xe8\xae\xbe\xe5\xae\x9a\0"
    "\xe8\xae\xbe\xe6\x96\xbd\0"
    "\xe8\xae\xbe\xe8\xae\xa1\xe5\xb8\x88\0"
    "\xe8\xae\xbf\xe9\x97\xae\0"
    "\xe8\xaf\x81\xe6\x98\x8e\0"
    "\xe8\xaf\x81\xe6\x8d\xae\xe7\xa1\xae\xe5\x87\xbf\0"
    "\xe8\xaf\x81\xe6\x8d\xae\0"
    "\xe8\xaf\x81\xe5\x88\xb8\0"
    "\xe8\xaf\x81\xe4\xb9\xa6\0"
    "\xe8\xaf\x81\xe5\xae\x9e\0"
    "\xe8\xaf\x84\xe4\xbb\xb7\0"
    "\xe8\xaf\x84\xe8\xae\xba\0"
    "\xe8\xaf\x84\xe4\xbc\xb0\0"
    "\xe8\xaf\x84\xe9\x80\x89\0"
    "\xe8\xaf\x84\xe5\xae\xa1\0"
    "\xe8\xaf\x86\xe5\x88\xab\0"
    "\xe8\xaf\x89\xe8\xae\xbc\0"
    "\xe8\xaf\x8a\xe6\x96\xad\0"
    "\xe8\xaf\x95\xe8\xaf\x95\0"
    "\xe8\xaf\x95\xe9\xaa\x8c\0"
    "\xe8\xaf\x95\xe5\x9b\xbe\0"
    "\xe8\xaf\x95\xe7\x94\xa8\0"
    "\xe8\xaf\x95\xe7\x82\xb9\0"
    "\xe8\xaf\x97\xe4\xba\xba\0"
    "\xe8\xaf\x97\xe6\xad\x8c\0"
    "\xe8\xaf\x9a\xe4\xbf\xa1\0"
    "\xe8\xaf\x9d\xe9\xa2\x98\0"
    "\xe8\xaf\x9d\xe8\xaf\xb4\0"
    "\xe8\xaf\x9d\xe8\xb4\xb9\0"
    "\xe8\xaf\x9e\xe7\x94\x9f\0"
    "\xe8\xaf\xa2\xe9\x97\xae\0"
    "\xe8\xaf\xa5\xe5\x85\xac\xe5\x8f\xb8\0"
    "\xe8\xaf\xa6\xe7\xbb\x86\0"
    "\xe8\xaf\xad\xe8\xa8\x80\0"
    "\xe8\xaf\xad\xe9\x9f\xb3\0"
    "\xe8\xaf\xad\xe8\xa8\x80\xe6\x96\x87\xe6\x98\x8e\0"
    "\xe8\xaf\xad\xe7\x84\x89\xe4\xb8\x8d\xe8\xaf\xa6\0"
    "\xe8\xaf\xad\xe5\x8f\xa5\0"
    "\xe8\xaf\xaf\xe4\xbc\x9a\0"
    "\xe8\xaf\xb1\xe6\x83\x91\0"
    "\xe8\xaf\xb4\xe8\xaf\x9d\0"
    "\xe8\xaf\xb4\xe6\x98\x8e\0"
    "\xe8\xaf\xb4\xe4\xba\x86\0"
    "\xe8\xaf\xb4\xe6\xb3\x95\0"
    "\xe8\xaf\xb4\xe8\xbf\x87\0"
    "\xe8\xaf\xb4\xe7\x9a\x84\0"
    "\xe8\xaf\xb4\xe6\x98\xaf\0"
    "\xe8\xaf\xb4\xe8\xaf\xb4\0"
    "\xe8\xaf\xb4\xe4\xb8\x8d\xe5\xae\x9a\0"
    "\xe8\xaf\xb4\xe9\x81\x93\0"
    "\xe8\xaf\xb4\xe5\xbe\x97\0"
    "\xe8\xaf\xb4\xe5\x87\xba\0"
    "\xe8\xaf\xb4\xe5\x88\xb0\0"
    "\xe8\xaf\xb4\xe8\xb5\xb7\0"
    "\xe8\xaf\xb4\xe7\x9d\x80\0"
    "\xe8\xaf\xb4\xe5\xae\x8c\0"
    "\xe8\xaf\xb7\xe9\x97\xae\0"
    "\xe8\xaf\xb7\xe6\x82\xa8\0"
    "\xe8\xaf\xb7\xe6\xb1\x82\0"
    "\xe8\xaf\xb7\xe4\xbd\xa0\0"
    "\xe8\xaf\xb7\xe6\x95\x99\0"
    "\xe8\xaf\xb7\xe5\x81\x87\0"
    "\xe8\xaf\xb7\xe7\x94\xa8\0"
    "\xe8\xaf\xb7\xe8\xbe\x93\xe5\x85\xa5\0"
    "\xe8\xaf\xb7\xe7\xad\x89\xe5\xbe\x85\0"
    "\xe8\xaf\xb7\xe5\xae\xa2\0"
    "\xe8\xaf\xb7\xe5\xa4\xa7\xe5\xae\xb6\0"
    "\xe8\xaf\xb8\xe5\xa4\x9a\0"
    "\xe8\xaf\xba\xe5\x9f\xba\xe4\xba\x9a\0"
    "\xe8\xaf\xbb\xe4\xb9\xa6\0"
    "\xe8\xaf\xbb\xe8\x80\x85\0"
    "\xe8\xaf\xbb\xe5\x8f\x96\0"
    "\xe8\xaf\xbe\xe7\xa8\x8b\0"
    "\xe8\xaf\xbe\xe9\xa2\x98\0"
    "\xe8\xaf\xbe\xe5\xa0\x82\0"
    "\xe8\xb0\x83\xe6\x95\xb4\0"
    "\xe8\xb0\x83\xe6\x9f\xa5\0"
    "\xe8\xb0\x83\xe7\x94\xa8\0"
    "\xe8\xb0\x83\xe8\x8a\x82\0"
    "\xe8\xb0\x83\xe7\xa0\x94\0"
    "\xe8\xb0\x83\xe8\xaf\x95\0"
    "\xe8\xb0\x83\xe6\x8e\xa7\0"
    "\xe8\xb0\x88\xe5\x88\xa4\0"
    "\xe8\xb0\x88\xe4\xbd\x95\xe5\xae\xb9\xe6\x98\x93\0"
    "\xe8\xb0\x88\xe5\x88\xb0\0"
    "\xe8\xb0\x88\xe8\xb0\x88\0"
    "\xe8\xb0\x88\xe7\xac\x91\xe9\xa3\x8e\xe7\x94\x9f\0"
    "\xe8\xb0\x88\xe8\xaf\x9d\0"
    "\xe8\xb0\xa2\xe8\xb0\xa2\0"
    "\xe8\xb0\xa8\xe8\xa8\x80\xe6\x85\x8e\xe8\xa1\x8c\0"
    "\xe8\xb0\xa8\xe6\x85\x8e\0"
    "\xe8\xb0\xb7\xe6\xad\x8c\0"
    "\xe8\xb1\xa1\xe5\xbe\x81\0"
    "\xe8\xb1\xaa\xe5\x8d\x8e\0"
    "\xe8\xb1\xaa\xe8\xa8\x80\xe5\xa3\xae\xe8\xaf\xad\0"
    "\xe8\xb2\x8c\xe4\xbc\xbc\0"
    "\xe8\xb4\x9f\xe8\xb4\xa3\0"
    "\xe8\xb4\x9f\xe8\xb4\xa3\xe4\xba\xba\0"
    "\xe8\xb4\x9f\xe6\x8b\x85\0"
    "\xe8\xb4\x9f\xe5\x80\xba\xe7\xb4\xaf\xe7\xb4\xaf\0"
    "\xe8\xb4\xa1\xe7\x8c\xae\0"
    "\xe8\xb4\xa2\xe5\x8a\xa1\0"
    "\xe8\xb4\xa2\xe5\xaf\x8c\0"
    "\xe8\xb4\xa2\xe6\x94\xbf\0"
    "\xe8\xb4\xa2\xe4\xba\xa7\0"
    "\xe8\xb4\xa2\xe5\xa4\xa7\xe6\xb0\x94\xe7\xb2\x97\0"
    "\xe8\xb4\xa3\xe4\xbb\xbb\0"
    "\xe8\xb4\xa3\xe6\x97\xa0\xe6\x97\x81\xe8\xb4\xb7\0"
    "\xe8\xb4\xa6\xe6\x88\xb7\0"
    "\xe8\xb4\xa7\xe7\x89\xa9\0"
    "\xe8\xb4\xa7\xe5\xb8\x81\0"
    "\xe8\xb4\xa8\xe9\x87\x8f\0"
    "\xe8\xb4\xa8\xe7\x96\x91\0"
    "\xe8\xb4\xaa\xe8\xb5\x83\xe6\x9e\x89\xe6\xb3\x95\0"
    "\xe8\xb4\xad\xe4\xb9\xb0\0"
    "\xe8\xb4\xad\xe7\x89\xa9\0"
    "\xe8\xb4\xb7\xe6\xac\xbe\0"
    "\xe8\xb4\xb8\xe6\x98\x93\0"
    "\xe8\xb4\xb9\xe7\x94\xa8\0"
    "\xe8\xb5\x84\xe6\x96\x99\0"
    "\xe8\xb5\x84\xe6\xba\x90\0"
    "\xe8\xb5\x84\xe9\x87\x91\0"
    "\xe8\xb5\x84\xe4\xba\xa7\0"
    "\xe8\xb5\x84\xe6\x9c\xac\0"
    "\xe8\xb5\x84\xe6\xa0\xbc\0"
    "\xe8\xb5\x84\xe8\xae\xaf\0"
    "\xe8\xb5\x84\xe5\x8a\xa9\0"
    "\xe8\xb5\x8b\xe4\xba\x88\0"
    "\xe8\xb5\x94\xe5\x81\xbf\0"
    "\xe8\xb5\x9a\xe9\x92\xb1\0"
    "\xe8\xb5\x9b\xe5\xad\xa3\0"
    "\xe8\xb5\x9e\xe5\x8f\xb9\xe4\xb8\x8d\xe5\xb7\xb2\0"
    "\xe8\xb5\x9e\xe5\x90\x8c\0"
    "\xe8\xb5\xa0\xe9\x80\x81\0"
    "\xe8\xb5\xa2\xe5\xbe\x97\0"
    "\xe8\xb5\xb0\xe4\xba\x86\0"
    "\xe8\xb5\xb0\xe5\x88\xb0\0"
    "\xe8\xb5\xb0\xe5\x90\x91\0"
    "\xe8\xb5\xb0\xe8\xbf\x9b\0"
    "\xe8\xb5\xb0\xe5\x8a\xbf\0"
    "\xe8\xb5\xb0\xe5\x87\xba\0"
    "\xe8\xb5\xb0\xe9\xa9\xac\xe4\xb8\x8a\xe4\xbb\xbb\0"
    "\xe8\xb5\xb0\xe8\xbf\x87\0"
    "\xe8\xb5\xb0\xe8\xb7\xaf\0"
    "\xe8\xb5\xb6\xe7\xb4\xa7\0"
    "\xe8\xb5\xb6\xe5\xbf\xab\0"
    "\xe8\xb5\xb6\xe5\x88\xb0\0"
    "\xe8\xb5\xb6\xe4\xb8\x8a\0"
    "\xe8\xb5\xb7\xe6\x9d\xa5\0"
    "\xe8\xb5\xb7\xe7\xa0\x81\0"
    "\xe8\xb5\xb7\xe6\x97\xa9\xe8\xb4\xaa\xe9\xbb\x91\0"
    "\xe8\xb5\xb7\xe5\x88\xb0\0"
    "\xe8\xb5\xb7\xe5\xba\x8a\0"
    "\xe8\xb5\xb7\xe7\x82\xb9\0"
    "\xe8\xb5\xb7\xe8\xaf\x89\0"
    "\xe8\xb6\x81\xe7\x83\xad\xe6\x89\x93\xe9\x93\x81\0"
    "\xe8\xb6\x85\xe8\xbf\x87\0"
    "\xe8\xb6\x85\xe7\xba\xa7\0"
    "\xe8\xb6\x85\xe5\xb8\x82\0"
    "\xe8\xb6\x85\xe8\xb6\x8a\0"
    "\xe8\xb6\x85\xe5\x87\xba\0"
    "\xe8\xb6\x8a\xe6\x9d\xa5\xe8\xb6\x8a\0"
    "\xe8\xb6\x8a\xe6\x9d\xa5\xe8\xb6\x8a\xe5\xa4\x9a\0"
    "\xe8\xb6\x8a\xe5\x8d\x97\0"
    "\xe8\xb6\x8b\xe5\x8a\xbf\0"
    "\xe8\xb6\x8b\xe5\x88\xa9\xe9\x81\xbf\xe5\xae\xb3\0"
    "\xe8\xb6\xb3\xe5\xa4\x9f\0"
    "\xe8\xb6\xb3\xe7\x90\x83\0"
    "\xe8\xb6\xb3\xe4\xbb\xa5\0"
    "\xe8\xb7\x83\xe7\x84\xb6\xe7\xba\xb8\xe4\xb8\x8a\0"
    "\xe8\xb7\x91\xe5\x88\xb0\0"
    "\xe8\xb7\x91\xe4\xba\x86\0"
    "\xe8\xb7\x9d\xe7\xa6\xbb\0"
    "\xe8\xb7\x9f\xe6\x88\x91\0"
    "\xe8\xb7\x9f\xe4\xbd\xa0\0"
    "\xe8\xb7\x9f\xe7\x9d\x80\0"
    "\xe8\xb7\x9f\xe8\xb8\xaa\0"
    "\xe8\xb7\x9f\xe4\xbb\x96\0"
    "\xe8\xb7\xaf\xe4\xb8\x8a\0"
    "\xe8\xb7\xaf\xe7\xba\xbf\0"
    "\xe8\xb7\xaf\xe5\xbe\x84\0"
    "\xe8\xb7\xaf\xe8\xbf\x87\0"
    "\xe8\xb7\xaf\xe7\x94\xb1\xe5\x99\xa8\0"
    "\xe8\xb7\xaf\xe7\x94\xb1\0"
    "\xe8\xb7\xb3\xe8\x88\x9e\0"
    "\xe8\xba\xab\xe4\xbd\x93\0"
    "\xe8\xba\xab\xe4\xb8\x8a\0"
    "\xe8\xba\xab\xe8\xbe\xb9\0"
    "\xe8\xba\xab\xe4\xbb\xbd\0"
    "\xe8\xba\xab\xe6\x97\xa0\xe5\x88\x86\xe6\x96\x87\0"
    "\xe8\xba\xab\xe6\x9d\x90\0"
    "\xe8\xba\xab\xe4\xbb\xbd\xe8\xaf\x81\0"
    "\xe8\xba\xab\xe5\x85\x88\xe5\xa3\xab\xe5\x8d\x92\0"
    "\xe8\xba\xab\xe5\x90\x8e\0"
    "\xe8\xba\xab\xe5\xad\x90\0"
    "\xe8\xba\xab\xe5\xbd\xb1\0"
    "\xe8\xba\xab\xe9\xab\x98\0"
    "\xe8\xba\xba\xe5\x9c\xa8\0"
    "\xe8\xbd\xa6\xe8\xbe\x86\0"
    "\xe8\xbd\xa6\xe5\x9e\x8b\0"
    "\xe8\xbd\xa6\xe5\xad\x90\0"
    "\xe8\xbd\xa6\xe7\xab\x99\0"
    "\xe8\xbd\xa6\xe4\xb8\x8a\0"
    "\xe8\xbd\xac\xe8\xbd\xbd\0"
    "\xe8\xbd\xac\xe7\xa7\xbb\0"
    "\xe8\xbd\xac\xe6\x8d\xa2\0"
    "\xe8\xbd\xac\xe5\x8f\x98\0"
    "\xe8\xbd\xac\xe5\x8d\xb1\xe4\xb8\xba\xe5\xae\x89\0"
    "\xe8\xbd\xac\xe8\xae\xa9\0"
    "\xe8\xbd\xac\xe5\x8c\x96\0"
    "\xe8\xbd\xac\xe5\x90\x91\0"
    "\xe8\xbd\xac\xe8\xba\xab\0"
    "\xe8\xbd\xac\xe5\x9e\x8b\0"
    "\xe8\xbd\xac\xe5\x8f\x91\0"
    "\xe8\xbd\xaf\xe4\xbb\xb6\0"
    "\xe8\xbd\xb0\xe5\x8a\xa8\xe4\xb8\x80\xe6\x97\xb6\0"
    "\xe8\xbd\xbb\xe6\x9d\xbe\0"
    "\xe8\xbd\xbb\xe8\xbd\xbb\0"
    "\xe8\xbd\xbb\xe9\x87\x8d\xe7\xbc\x93\xe6\x80\xa5\0"
    "\xe8\xbd\xbb\xe6\x98\x93\0"
    "\xe8\xbd\xbb\xe8\xa3\x85\xe4\xb8\x8a\xe9\x98\xb5\0"
    "\xe8\xbd\xbb\xe8\xbd\xa6\xe7\xae\x80\xe4\xbb\x8e\0"
    "\xe8\xbd\xbb\xe4\xb8\xbe\xe5\xa6\x84\xe5\x8a\xa8\0"
    "\xe8\xbd\xbd\xe6\xad\x8c\xe8\xbd\xbd\xe8\x88\x9e\0"
    "\xe8\xbd\xbf\xe8\xbd\xa6\0"
    "\xe8\xbe\x83\xe5\xa4\xa7\0"
    "\xe8\xbe\x83\xe9\xab\x98\0"
    "\xe8\xbe\x83\xe4\xb8\xba\0"
    "\xe8\xbe\x83\xe5\xa4\x9a\0"
    "\xe8\xbe\x83\xe4\xbd\x8e\0"
    "\xe8\xbe\x85\xe5\x8a\xa9\0"
    "\xe8\xbe\x89\xe7\x85\x8c\0"
    "\xe8\xbe\x90\xe5\xb0\x84\0"
    "\xe8\xbe\x93\xe5\x85\xa5\0"
    "\xe8\xbe\x93\xe5\x87\xba\0"
    "\xe8\xbe\x93\xe5\x85\xa5\xe6\xb3\x95\0"
    "\xe8\xbe\x9b\xe8\x8b\xa6\0"
    "\xe8\xbe\x9e\xe8\x81\x8c\0"
    "\xe8\xbe\x9e\xe6\x97\xa7\xe8\xbf\x8e\xe6\x96\xb0\0"
    "\xe8\xbe\xb9\xe7\xbc\x98\0"
    "\xe8\xbe\xb9\xe4\xb8\x8a\0"
    "\xe8\xbe\xbd\xe5\xae\x81\0"
    "\xe8\xbe\xbe\xe5\x88\xb0\0"
    "\xe8\xbe\xbe\xe6\x88\x90\0"
    "\xe8\xbf\x85\xe9\x80\x9f\0"
    "\xe8\xbf\x85\xe9\x9b\xb7\0"
    "\xe8\xbf\x87\xe5\x8e\xbb\0"
    "\xe8\xbf\x87\xe6\x9d\xa5\0"
    "\xe8\xbf\x87\xe7\xa8\x8b\0"
    "\xe8\xbf\x87\xe4\xba\x86\0"
    "\xe8\xbf\x87\xe4\xba\x8e\0"
    "\xe8\xbf\x87\xe5\x88\x86\0"
    "\xe8\xbf\x87\xe5\xa4\x9a\0"
    "\xe8\xbf\x87\xe5\xba\xa6\0"
    "\xe8\xbf\x87\xe5\xbe\x97\0"
    "\xe8\xbf\x87\xe5\x90\x8e\0"
    "\xe8\xbf\x87\xe5\xb9\xb4\0"
    "\xe8\xbf\x87\xe5\x85\xb3\xe6\x96\xa9\xe5\xb0\x86\0"
    "\xe8\xbf\x87\xe6\xbb\xa4\0"
    "\xe8\xbf\x8e\xe6\x9d\xa5\xe9\x80\x81\xe5\xbe\x80\0"
    "\xe8\xbf\x8e\xe5\xa4\xb4\xe8\xb5\xb6\xe4\xb8\x8a\0"
    "\xe8\xbf\x8e\xe6\x8e\xa5\0"
    "\xe8\xbf\x90\xe8\xa1\x8c\0"
    "\xe8\xbf\x90\xe5\x8a\xa8\0"
    "\xe8\xbf\x90\xe7\x94\xa8\0"
    "\xe8\xbf\x90\xe8\x90\xa5\0"
    "\xe8\xbf\x90\xe4\xbd\x9c\0"
    "\xe8\xbf\x90\xe6\xb0\x94\0"
    "\xe8\xbf\x90\xe8\xbe\x93\0"
    "\xe8\xbf\x90\xe8\x90\xa5\xe5\x95\x86\0"
    "\xe8\xbf\x90\xe5\x8a\xa8\xe5\x91\x98\0"
    "\xe8\xbf\x90\xe8\xb4\xb9\0"
    "\xe8\xbf\x91\xe6\x9c\x9f\0"
    "\xe8\xbf\x91\xe6\x97\xa5\0"
    "\xe8\xbf\x91\xe5\xb9\xb4\xe6\x9d\xa5\0"
    "\xe8\xbf\x94\xe5\x9b\x9e\0"
    "\xe8\xbf\x98\xe6\x98\xaf\0"
    "\xe8\xbf\x98\xe6\x9c\x89\0"
    "\xe8\xbf\x98\xe8\xa6\x81\0"
    "\xe8\xbf\x98\xe5\x9c\xa8\0"
    "\xe8\xbf\x98\xe6\xb2\xa1\0"
    "\xe8\xbf\x98\xe5\xa5\xbd\0"
    "\xe8\xbf\x98\xe8\x83\xbd\0"
    "\xe8\xbf\x98\xe4\xbc\x9a\0"
    "\xe8\xbf\x98\xe4\xb8\x8d\0"
    "\xe8\xbf\x98\xe8\xa1\x8c\0"
    "\xe8\xbf\x98\xe5\xbe\x97\0"
    "\xe8\xbf\x98\xe4\xb8\x8d\xe6\x98\xaf\0"
    "\xe8\xbf\x98\xe8\xaf\xb4\0"
    "\xe8\xbf\x98\xe6\x9c\xac\xe4\xbb\x98\xe6\x81\xaf\0"
    "\xe8\xbf\x98\xe7\x9c\x9f\0"
    "\xe8\xbf\x98\xe6\x83\xb3\0"
    "\xe8\xbf\x99\xe4\xb8\xaa\0"
    "\xe8\xbf\x99\xe6\xa0\xb7\0"
    "\xe8\xbf\x99\xe4\xb9\x88\0"
    "\xe8\xbf\x99\xe4\xba\x9b\0"
    "\xe8\xbf\x99\xe9\x87\x8c\0"
    "\xe8\xbf\x99\xe7\xa7\x8d\0"
    "\xe8\xbf\x99\xe6\x98\xaf\0"
    "\xe8\xbf\x99\xe6\xac\xa1\0"
    "\xe8\xbf\x99\xe4\xb8\x80\0"
    "\xe8\xbf\x99\xe8\xbe\xb9\0"
    "\xe8\xbf\x99\xe4\xbd\x8d\0"
    "\xe8\xbf\x99\xe6\xac\xbe\0"
    "\xe8\xbf\x99\xe5\xb0\xb1\0"
    "\xe8\xbf\x99\xe5\x87\xa0\xe5\xa4\xa9\0"
    "\xe8\xbf\x99\xe4\xb9\x88\xe5\xa4\x9a\0"
    "\xe8\xbf\x99\xe6\x97\xb6\0"
    "\xe8\xbf\x9b\xe8\xa1\x8c\0"
    "\xe8\xbf\x9b\xe5\x85\xa5\0"
    "\xe8\xbf\x9b\xe4\xb8\x80\xe6\xad\xa5\0"
    "\xe8\xbf\x9b\xe5\x8e\xbb\0"
    "\xe8\xbf\x9b\xe6\x9d\xa5\0"
    "\xe8\xbf\x9b\xe6\xad\xa5\0"
    "\xe8\xbf\x9b\xe5\x8f\xa3\0"
    "\xe8\xbf\x9b\xe7\xa8\x8b\0"
    "\xe8\xbf\x9b\xe5\xb1\x95\0"
    "\xe8\xbf\x9b\xe5\xba\xa6\0"
    "\xe8\xbf\x9b\xe6\x94\xbb\0"
    "\xe8\xbf\x9b\xe9\x80\x80\xe4\xb8\xa4\xe9\x9a\xbe\0"
    "\xe8\xbf\x9b\xe7\x90\x83\0"
    "\xe8\xbf\x9c\xe7\xa8\x8b\0"
    "\xe8\xbf\x9c\xe8\xbf\x9c\0"
    "\xe8\xbf\x9c\xe8\xa7\x81\xe5\x8d\x93\xe8\xaf\x86\0"
    "\xe8\xbf\x9c\xe7\xa6\xbb\0"
    "\xe8\xbf\x9d\xe6\xb3\x95\0"
    "\xe8\xbf\x9d\xe6\xb3\x95\xe4\xb9\xb1\xe7\xba\xaa\0"
    "\xe8\xbf\x9d\xe5\x8f\x8d\0"
    "\xe8\xbf\x9e\xe6\x8e\xa5\0"
    "\xe8\xbf\x9e\xe7\xbb\xad\0"
    "\xe8\xbf\x9f\xe5\x88\xb0\0"
    "\xe8\xbf\xbd\xe6\xb1\x82\0"
    "\xe8\xbf\xbd\xe6\xa0\xb9\xe6\xba\xaf\xe6\xba\x90\0"
    "\xe8\xbf\xbd\xe6\x82\x94\xe8\x8e\xab\xe5\x8f\x8a\0"
    "\xe9\x80\x80\xe5\x87\xba\0"
    "\xe9\x80\x80\xe4\xbc\x91\0"
    "\xe9\x80\x81\xe7\xbb\x99\0"
    "\xe9\x80\x81\xe5\x88\xb0\0"
    "\xe9\x80\x82\xe5\x90\x88\0"
    "\xe9\x80\x82\xe5\xba\x94\0"
    "\xe9\x80\x82\xe5\xbd\x93\0"
    "\xe9\x80\x82\xe7\x94\xa8\0"
    "\xe9\x80\x83\xe4\xb9\x8b\xe5\xa4\xad\xe5\xa4\xad\0"
    "\xe9\x80\x89\xe6\x8b\xa9\0"
    "\xe9\x80\x89\xe6\x89\x8b\0"
    "\xe9\x80\x89\xe9\xa1\xb9\0"
    "\xe9\x80\x89\xe4\xb8\xbe\0"
    "\xe9\x80\x89\xe7\x94\xa8\0"
    "\xe9\x80\x8d\xe9\x81\xa5\xe6\xb3\x95\xe5\xa4\x96\0"
    "\xe9\x80\x8f\xe9\x9c\xb2\0"
    "\xe9\x80\x8f\xe6\x98\x8e\0"
    "\xe9\x80\x8f\xe8\xbf\x87\0"
    "\xe9\x80\x90\xe6\xb8\x90\0"
    "\xe9\x80\x90\xe6\xad\xa5\0"
    "\xe9\x80\x94\xe5\xbe\x84\0"
    "\xe9\x80\x9a\xe8\xbf\x87\0"
    "\xe9\x80\x9a\xe7\x9f\xa5\0"
    "\xe9\x80\x9a\xe5\xb8\xb8\0"
    "\xe9\x80\x9a\xe4\xbf\xa1\0"
    "\xe9\x80\x9a\xe9\x81\x93\0"
    "\xe9\x80\x9a\xe8\xae\xaf\0"
    "\xe9\x80\x9a\xe7\x94\xa8\0"
    "\xe9\x80\x9a\xe5\x8a\x9b\xe5\x90\x88\xe4\xbd\x9c\0"
    "\xe9\x80\x9a\xe5\xae\xb5\xe8\xbe\xbe\xe6\x97\xa6\0"
    "\xe9\x80\x9a\xe5\xae\xb5\0"
    "\xe9\x80\x9b\xe8\xa1\x97\0"
    "\xe9\x80\x9f\xe5\xba\xa6\0"
    "\xe9\x80\xa0\xe6\x88\x90\0"
    "\xe9\x80\xa0\xe5\x9e\x8b\0"
    "\xe9\x80\xbb\xe8\xbe\x91\0"
    "\xe9\x81\x87\xe5\x88\xb0\0"
    "\xe9\x81\x87\xe8\xa7\x81\0"
    "\xe9\x81\x93\xe7\x90\x86\0"
    "\xe9\x81\x93\xe8\xb7\xaf\0"
    "\xe9\x81\x93\xe5\xbe\xb7\0"
    "\xe9\x81\x93\xe6\xad\x89\0"
    "\xe9\x81\x93\xe5\x85\xb7\0"
    "\xe9\x81\x97\xe6\x86\xbe\0"
    "\xe9\x81\xa5\xe8\xbf\x9c\0"
    "\xe9\x81\xad\xe9\x81\x87\0"
    "\xe9\x81\xad\xe5\x88\xb0\0"
    "\xe9\x81\xad\xe5\x8f\x97\0"
    "\xe9\x81\xb5\xe5\xae\x88\0"
    "\xe9\x81\xb5\xe7\xba\xaa\xe5\xae\x88\xe6\xb3\x95\0"
    "\xe9\x81\xbf\xe5\x85\x8d\0"
    "\xe9\x81\xbf\xe9\x87\x8d\xe5\xb0\xb1\xe8\xbd\xbb\0"
    "\xe9\x81\xbf\xe8\x80\x8c\xe4\xb8\x8d\xe8\xb0\x88\0"
    "\xe9\x82\x80\xe8\xaf\xb7\0"
    "\xe9\x82\xa3\xe4\xb8\xaa\0"
    "\xe9\x82\xa3\xe4\xb9\x88\0"
    "\xe9\x82\xa3\xe4\xba\x9b\0"
    "\xe9\x82\xa3\xe9\x87\x8c\0"
    "\xe9\x82\xa3\xe6\xa0\xb7\0"
    "\xe9\x82\xa3\xe6\x98\xaf\0"
    "\xe9\x82\xa3\xe5\xb0\xb1\0"
    "\xe9\x82\xa3\xe7\xa7\x8d\0"
    "\xe9\x82\xa3\xe8\xbe\xb9\0"
    "\xe9\x82\xa3\xe6\x97\xb6\0"
    "\xe9\x82\xa3\xe5\xa4\xa9\0"
    "\xe9\x82\xa3\xe5\xb0\xb1\xe6\x98\xaf\0"
    "\xe9\x82\xa3\xe5\x84\xbf\0"
    "\xe9\x82\xa3\xe6\x97\xb6\xe5\x80\x99\0"
    "\xe9\x82\xa3\xe4\xb8\xaa\xe4\xba\xba\0"
    "\xe9\x82\xa3\xe6\xae\xb5\0"
    "\xe9\x82\xae\xe4\xbb\xb6\0"
    "\xe9\x82\xae\xe7\xae\xb1\0"
    "\xe9\x82\xbb\xe5\xb1\x85\0"
    "\xe9\x83\x81\xe9\x97\xb7\0"
    "\xe9\x83\x91\xe5\xb7\x9e\0"
    "\xe9\x83\xa8\xe5\x88\x86\0"
    "\xe9\x83\xa8\xe9\x97\xa8\0"
    "\xe9\x83\xa8\xe9\x98\x9f\0"
    "\xe9\x83\xa8\xe7\xbd\xb2\0"
    "\xe9\x83\xa8\xe9\x95\xbf\0"
    "\xe9\x83\xa8\xe4\xbd\x8d\0"
    "\xe9\x83\xa8\xe8\x90\xbd\0"
    "\xe9\x83\xbd\xe6\x98\xaf\0"
    "\xe9\x83\xbd\xe6\x9c\x89\0"
    "\xe9\x83\xbd\xe4\xbc\x9a\0"
    "\xe9\x83\xbd\xe5\x9c\xa8\0"
    "\xe9\x83\xbd\xe8\xa6\x81\0"
    "\xe9\x83\xbd\xe4\xb8\x8d\0"
    "\xe9\x83\xbd\xe8\x83\xbd\0"
    "\xe9\x83\xbd\xe6\xb2\xa1\0"
    "\xe9\x83\xbd\xe5\xbe\x88\0"
    "\xe9\x83\xbd\xe8\xaf\xb4\0"
    "\xe9\x83\xbd\xe8\xa2\xab\0"
    "\xe9\x83\xbd\xe4\xb8\x8d\xe7\x9f\xa5\xe9\x81\x93\0"
    "\xe9\x83\xbd\xe5\xb8\x82\0"
    "\xe9\x83\xbd\xe4\xb8\x8d\xe6\x98\xaf\0"
    "\xe9\x84\x99\xe8\xa7\x86\0"
    "\xe9\x85\x8d\xe7\xbd\xae\0"
    "\xe9\x85\x8d\xe5\x90\x88\0"
    "\xe9\x85\x8d\xe5\xa5\x97\0"
    "\xe9\x85\x8d\xe4\xbb\xb6\0"
    "\xe9\x85\x8d\xe5\xa4\x87\0"
    "\xe9\x85\x92\xe5\xba\x97\0"
    "\xe9\x85\x92\xe5\x90\xa7\0"
    "\xe9\x85\xa3\xe7\x95\x85\xe6\xb7\x8b\xe6\xbc\x93\0"
    "\xe9\x86\x92\xe6\x9d\xa5\0"
    "\xe9\x87\x87\xe7\x94\xa8\0"
    "\xe9\x87\x87\xe5\x8f\x96\0"
    "\xe9\x87\x87\xe8\xae\xbf\0"
    "\xe9\x87\x87\xe8\xb4\xad\0"
    "\xe9\x87\x87\xe9\x9b\x86\0"
    "\xe9\x87\x87\xe7\xba\xb3\0"
    "\xe9\x87\x8a\xe6\x94\xbe\0"
    "\xe9\x87\x8c\xe9\x9d\xa2\0"
    "\xe9\x87\x8d\xe8\xa6\x81\0"
    "\xe9\x87\x8d\xe6\x96\xb0\0"
    "\xe9\x87\x8d\xe7\x82\xb9\0"
    "\xe9\x87\x8d\xe5\xba\x86\0"
    "\xe9\x87\x8d\xe5\xa4\xa7\0"
    "\xe9\x87\x8d\xe8\xa7\x86\0"
    "\xe9\x87\x8d\xe5\xbb\xba\xe5\xae\xb6\xe5\x9b\xad\0"
    "\xe9\x87\x8d\xe5\xa4\x8d\0"
    "\xe9\x87\x8d\xe5\x90\xaf\0"
    "\xe9\x87\x8d\xe8\xb9\x88\xe8\xa6\x86\xe8\xbe\x99\0"
    "\xe9\x87\x8d\xe7\xbb\x84\0"
    "\xe9\x87\x8d\xe9\x87\x8f\0"
    "\xe9\x87\x8d\xe6\x93\x8d\xe6\x97\xa7\xe4\xb8\x9a\0"
    "\xe9\x87\x8d\xe7\x94\xb7\xe8\xbd\xbb\xe5\xa5\xb3\0"
    "\xe9\x87\x8d\xe8\xa6\x81\xe6\x80\xa7\0"
    "\xe9\x87\x8d\xe8\xa3\x85\0"
    "\xe9\x87\x91\xe5\xad\x97\xe6\x8b\x9b\xe7\x89\x8c\0"
    "\xe9\x87\x91\xe8\x9e\x8d\0"
    "\xe9\x87\x91\xe9\xa2\x9d\0"
    "\xe9\x87\x91\xe5\xb1\x9e\0"
    "\xe9\x87\x91\xe9\x92\xb1\0"
    "\xe9\x87\x91\xe5\xb1\xb1\0"
    "\xe9\x87\x9c\xe5\xba\x95\xe6\x8a\xbd\xe8\x96\xaa\0"
    "\xe9\x89\xb4\xe5\xae\x9a\0"
    "\xe9\x92\x88\xe5\xaf\xb9\0"
    "\xe9\x92\xa2\xe9\x93\x81\0"
    "\xe9\x92\xa5\xe5\x8c\x99\0"
    "\xe9\x93\x81\xe8\xb7\xaf\0"
    "\xe9\x93\x9c\xe5\xa2\x99\xe9\x93\x81\xe5\xa3\x81\0"
    "\xe9\x93\xb6\xe8\xa1\x8c\0"
    "\xe9\x93\xba\xe5\xbc\xa0\xe6\xb5\xaa\xe8\xb4\xb9\0"
    "\xe9\x93\xba\xe5\xb9\xb3\xe9\x81\x93\xe8\xb7\xaf\0"
    "\xe9\x93\xbe\xe6\x8e\xa5\0"
    "\xe9\x94\x80\xe5\x94\xae\0"
    "\xe9\x94\x80\xe9\x87\x8f\0"
    "\xe9\x94\x99\xe8\xaf\xaf\0"
    "\xe9\x94\x99\xe8\x90\xbd\xe6\x9c\x89\xe8\x87\xb4\0"
    "\xe9\x94\x99\xe8\xbf\x87\0"
    "\xe9\x94\xae\xe7\x9b\x98\0"
    "\xe9\x94\xbb\xe7\x82\xbc\0"
    "\xe9\x95\x9c\xe5\xa4\xb4\0"
    "\xe9\x95\xbf\xe6\xb2\xbb\xe4\xb9\x85\xe5\xae\x89\0"
    "\xe9\x95\xbf\xe6\x9c\x9f\0"
    "\xe9\x95\xbf\xe5\xa4\xa7\0"
    "\xe9\x95\xbf\xe9\x80\x94\xe8\xb7\x8b\xe6\xb6\x89\0"
    "\xe9\x95\xbf\xe6\xb2\x99\0"
    "\xe9\x95\xbf\xe5\xbe\x97\0"
    "\xe9\x95\xbf\xe4\xb9\x85\xe4\xb9\x8b\xe8\xae\xa1\0"
    "\xe9\x95\xbf\xe6\x97\xb6\xe9\x97\xb4\0"
    "\xe9\x95\xbf\xe5\xba\xa6\0"
    "\xe9\x95\xbf\xe6\xb1\x9f\0"
    "\xe9\x95\xbf\xe5\x9f\x8e\0"
    "\xe9\x95\xbf\xe5\xb9\xb4\xe7\xb4\xaf\xe6\x9c\x88\0"
    "\xe9\x95\xbf\xe6\x98\xa5\0"
    "\xe9\x95\xbf\xe4\xb9\x85\0"
    "\xe9\x95\xbf\xe8\xb6\xb3\xe8\xbf\x9b\xe5\xb1\x95\0"
    "\xe9\x97\xa8\xe5\x8f\xa3\0"
    "\xe9\x97\xa8\xe5\x8f\xaf\xe7\xbd\x97\xe9\x9b\x80\0"
    "\xe9\x97\xa8\xe7\xa5\xa8\0"
    "\xe9\x97\xa8\xe5\xba\xad\xe8\x8b\xa5\xe5\xb8\x82\0"
    "\xe9\x97\xad\xe9\x97\xa8\xe9\x80\xa0\xe8\xbd\xa6\0"
    "\xe9\x97\xae\xe9\xa2\x98\0"
    "\xe9\x97\xae\xe9\x97\xae\0"
    "\xe9\x97\xae\xe6\x88\x91\0"
    "\xe9\x97\xae\xe4\xbd\xa0\0"
    "\xe9\x97\xae\xe4\xbb\x96\0"
    "\xe9\x97\xae\xe4\xb8\x80\xe4\xb8\x8b\0"
    "\xe9\x97\xb4\xe6\x8e\xa5\0"
    "\xe9\x97\xbb\xe6\x89\x80\xe6\x9c\xaa\xe9\x97\xbb\0"
    "\xe9\x98\x85\xe8\xaf\xbb\0"
    "\xe9\x98\x9f\xe4\xbc\x8d\0"
    "\xe9\x98\x9f\xe5\x91\x98\0"
    "\xe9\x98\x9f\xe9\x95\xbf\0"
    "\xe9\x98\xb2\xe6\xad\xa2\0"
    "\xe9\x98\xb2\xe5\xbe\xae\xe6\x9d\x9c\xe6\xb8\x90\0"
    "\xe9\x98\xb2\xe7\x81\xab\xe5\xa2\x99\0"
    "\xe9\x98\xb2\xe5\xae\x88\0"
    "\xe9\x98\xb2\xe5\xbe\xa1\0"
    "\xe9\x98\xb2\xe6\xb2\xbb\0"
    "\xe9\x98\xb3\xe5\x85\x89\0"
    "\xe9\x98\xb3\xe5\xa5\x89\xe9\x98\xb4\xe8\xbf\x9d\0"
    "\xe9\x98\xb6\xe6\xae\xb5\0"
    "\xe9\x98\xbb\xe6\xad\xa2\0"
    "\xe9\x98\xbf\xe5\xa7\xa8\0"
    "\xe9\x99\x84\xe8\xbf\x91\0"
    "\xe9\x99\x84\xe4\xbb\xb6\0"
    "\xe9\x99\x86\xe7\xbb\xad\0"
    "\xe9\x99\x8c\xe7\x94\x9f\0"
    "\xe9\x99\x8d\xe4\xbd\x8e\0"
    "\xe9\x99\x8d\xe4\xbb\xb7\0"
    "\xe9\x99\x90\xe5\x88\xb6\0"
    "\xe9\x99\x95\xe8\xa5\xbf\0"
    "\xe9\x99\xa2\xe9\x95\xbf\0"
    "\xe9\x99\xa4\xe4\xba\x86\0"
    "\xe9\x99\xa4\xe9\x9d\x9e\0"
    "\xe9\x99\xa4\xe5\x8e\xbb\0"
    "\xe9\x99\xa9\xe8\xb1\xa1\xe7\x8e\xaf\xe7\x94\x9f\0"
    "\xe9\x99\xaa\xe4\xbd\xa0\0"
    "\xe9\x99\xb7\xe5\x85\xa5\xe5\x83\xb5\xe5\xb1\x80\0"
    "\xe9\x99\xb7\xe5\x85\xa5\0"
    "\xe9\x9a\x8f\xe4\xbe\xbf\0"
    "\xe9\x9a\x8f\xe7\x9d\x80\0"
    "\xe9\x9a\x8f\xe6\x97\xb6\0"
    "\xe9\x9a\x8f\xe5\x90\x8e\0"
    "\xe9\x9a\x8f\xe6\x84\x8f\0"
    "\xe9\x9a\x8f\xe6\x9c\xba\0"
    "\xe9\x9a\x90\xe8\x97\x8f\0"
    "\xe9\x9a\x90\xe8\xba\xab\0"
    "\xe9\x9a\x90\xe5\xa7\x93\xe5\x9f\x8b\xe5\x90\x8d\0"
    "\xe9\x9a\x9c\xe7\xa2\x8d\0"
    "\xe9\x9a\xbe\xe9\x81\x93\0"
    "\xe9\x9a\xbe\xe4\xbb\xa5\xe4\xb8\xba\xe7\xbb\xa7\0"
    "\xe9\x9a\xbe\xe4\xbb\xa5\0"
    "\xe9\x9a\xbe\xe5\xbe\x97\0"
    "\xe9\x9a\xbe\xe5\xba\xa6\0"
    "\xe9\x9a\xbe\xe4\xb8\x8a\xe5\x8a\xa0\xe9\x9a\xbe\0"
    "\xe9\x9a\xbe\xe5\x8f\x97\0"
    "\xe9\x9a\xbe\xe8\xbf\x87\0"
    "\xe9\x9a\xbe\xe6\x80\xaa\0"
    "\xe9\x9a\xbe\xe4\xbb\xa5\xe9\xa2\x84\xe6\x96\x99\0"
    "\xe9\x9a\xbe\xe9\xa2\x98\0"
    "\xe9\x9a\xbe\xe7\x9c\x8b\0"
    "\xe9\x9a\xbe\xe5\x85\x8d\0"
    "\xe9\x9b\x84\xe5\xbf\x83\xe5\xa3\xae\xe5\xbf\x97\0"
    "\xe9\x9b\x85\xe8\x99\x8e\0"
    "\xe9\x9b\x86\xe5\x9b\xa2\0"
    "\xe9\x9b\x86\xe4\xb8\xad\0"
    "\xe9\x9b\x86\xe6\x80\x9d\xe5\xb9\xbf\xe7\x9b\x8a\0"
    "\xe9\x9b\x86\xe4\xbd\x93\0"
    "\xe9\x9b\x86\xe6\x88\x90\0"
    "\xe9\x9b\x86\xe5\x90\x88\0"
    "\xe9\x9b\xaa\xe4\xb8\xad\xe9\x80\x81\xe7\x82\xad\0"
    "\xe9\x9b\xb7\xe5\x8e\x89\xe9\xa3\x8e\xe8\xa1\x8c\0"
    "\xe9\x9b\xb7\xe6\x89\x93\xe4\xb8\x8d\xe5\x8a\xa8\0"
    "\xe9\x9b\xbe\xe9\x87\x8c\xe7\x9c\x8b\xe8\x8a\xb1\0"
    "\xe9\x9c\x80\xe8\xa6\x81\0"
    "\xe9\x9c\x80\xe6\xb1\x82\0"
    "\xe9\x9c\x87\xe6\x92\xbc\xe4\xba\xba\xe5\xbf\x83\0"
    "\xe9\x9c\x87\xe8\x80\xb3\xe6\xac\xb2\xe8\x81\x8b\0"
    "\xe9\x9c\x87\xe8\x8d\xa1\0"
    "\xe9\x9c\x87\xe6\x92\xbc\0"
    "\xe9\x9d\x92\xe5\xb9\xb4\0"
    "\xe9\x9d\x92\xe5\xb2\x9b\0"
    "\xe9\x9d\x92\xe6\x98\xa5\0"
    "\xe9\x9d\x92\xe5\xb0\x91\xe5\xb9\xb4\0"
    "\xe9\x9d\x92\xe9\xbb\x84\xe4\xb8\x8d\xe6\x8e\xa5\0"
    "\xe9\x9d\x99\xe9\x9d\x99\0"
    "\xe9\x9d\x9e\xe5\xb8\xb8\0"
    "\xe9\x9d\x9e\xe6\xb3\x95\0"
    "\xe9\x9d\x9e\xe6\xb4\xb2\0"
    "\xe9\x9d\x9e\xe8\xa6\x81\0"
    "\xe9\x9d\x9e\xe5\xb8\xb8\xe5\xa5\xbd\0"
    "\xe9\x9d\xa0\xe5\xa4\xa9\xe5\x90\x83\xe9\xa5\xad\0"
    "\xe9\x9d\xa0\xe8\xbf\x91\0"
    "\xe9\x9d\xa0\xe5\xb1\xb1\xe5\x90\x83\xe5\xb1\xb1\0"
    "\xe9\x9d\xa2\xe5\xaf\xb9\0"
    "\xe9\x9d\xa2\xe5\x89\x8d\0"
    "\xe9\x9d\xa2\xe8\xaf\x95\0"
    "\xe9\x9d\xa2\xe4\xb8\xb4\0"
    "\xe9\x9d\xa2\xe7\xa7\xaf\0"
    "\xe9\x9d\xa2\xe5\x90\x91\0"
    "\xe9\x9d\xa2\xe5\xad\x90\0"
    "\xe9\x9d\xa2\xe9\x9d\xa2\xe4\xbf\xb1\xe5\x88\xb0\0"
    "\xe9\x9d\xa2\xe5\x8c\x85\0"
    "\xe9\x9d\xa2\xe6\x9d\xbf\0"
    "\xe9\x9d\xa9\xe5\x91\xbd\0"
    "\xe9\x9e\x8b\xe5\xad\x90\0"
    "\xe9\x9e\xa0\xe8\xba\xac\xe5\xb0\xbd\xe7\x98\x81\0"
    "\xe9\x9f\xa9\xe5\x9b\xbd\0"
    "\xe9\x9f\xb3\xe4\xb9\x90\0"
    "\xe9\xa1\xb5\xe9\x9d\xa2\0"
    "\xe9\xa1\xb6\xe9\xa1\xb6\xe9\xa1\xb6\xe9\xa1\xb6\0"
    "\xe9\xa1\xb6\xe5\xa4\xa9\xe7\xab\x8b\xe5\x9c\xb0\0"
    "\xe9\xa1\xb6\xe7\xba\xa7\0"
    "\xe9\xa1\xb9\xe7\x9b\xae\0"
    "\xe9\xa1\xba\xe8\x97\xa4\xe6\x91\xb8\xe7\x93\x9c\0"
    "\xe9\xa1\xba\xe5\x88\xa9\0"
    "\xe9\xa1\xba\xe4\xbe\xbf\0"
    "\xe9\xa1\xba\xe5\xba\x8f\0"
    "\xe9\xa1\xba\xe6\x89\x8b\xe7\x89\xb5\xe7\xbe\x8a\0"
    "\xe9\xa1\xbe\xe5\xae\xa2\0"
    "\xe9\xa1\xbe\xe5\x85\xa8\xe5\xa4\xa7\xe5\xb1\x80\0"
    "\xe9\xa1\xbe\xe9\x97\xae\0"
    "\xe9\xa1\xbe\xe6\xad\xa4\xe5\xa4\xb1\xe5\xbd\xbc\0"
    "\xe9\xa2\x84\xe8\xae\xa1\0"
    "\xe9\xa2\x84\xe6\xb5\x8b\0"
    "\xe9\xa2\x84\xe6\x9c\x9f\0"
    "\xe9\xa2\x84\xe7\xae\x97\0"
    "\xe9\xa2\x84\xe9\x98\xb2\0"
    "\xe9\xa2\x84\xe8\xae\xa2\0"
    "\xe9\xa2\x86\xe5\xaf\xbc\0"
    "\xe9\xa2\x86\xe5\x9f\x9f\0"
    "\xe9\xa2\x86\xe5\x85\x88\0"
    "\xe9\xa2\x86\xe5\xaf\xbc\xe4\xba\xba\0"
    "\xe9\xa2\x91\xe9\x81\x93\0"
    "\xe9\xa2\x91\xe7\x8e\x87\0"
    "\xe9\xa2\x91\xe7\xb9\x81\0"
    "\xe9\xa2\x97\xe7\xb2\x92\xe6\x97\xa0\xe6\x94\xb6\0"
    "\xe9\xa2\x98\xe7\x9b\xae\0"
    "\xe9\xa2\x98\xe6\x9d\x90\0"
    "\xe9\xa2\x9c\xe8\x89\xb2\0"
    "\xe9\xa2\xa0\xe5\x80\x92\xe9\xbb\x91\xe7\x99\xbd\0"
    "\xe9\xa3\x8e\xe9\x99\xa9\0"
    "\xe9\xa3\x8e\xe6\xa0\xbc\0"
    "\xe9\xa3\x8e\xe4\xba\x91\xe5\x8f\x98\xe5\xb9\xbb\0"
    "\xe9\xa3\x8e\xe9\x9b\xa8\xe6\x97\xa0\xe9\x98\xbb\0"
    "\xe9\xa3\x8e\xe6\x99\xaf\0"
    "\xe9\xa3\x8e\xe8\xb0\x83\xe9\x9b\xa8\xe9\xa1\xba\0"
    "\xe9\xa3\x8e\xe9\x9b\xa8\xe5\x90\x8c\xe8\x88\x9f\0"
    "\xe9\xa3\x8e\xe5\xb0\x98\xe4\xbb\x86\xe4\xbb\x86\0"
    "\xe9\xa3\x8e\xe5\x8d\x8e\xe6\xad\xa3\xe8\x8c\x82\0"
    "\xe9\xa3\x8e\xe9\x9b\xa8\xe9\xa3\x98\xe6\x91\x87\0"
    "\xe9\xa3\x8e\xe9\x9d\xa1\xe4\xb8\x80\xe6\x97\xb6\0"
    "\xe9\xa3\x8e\xe5\x92\x8c\xe6\x97\xa5\xe4\xb8\xbd\0"
    "\xe9\xa3\x8e\xe5\x90\xb9\xe6\x97\xa5\xe6\x99\x92\0"
    "\xe9\xa3\x8e\xe6\x89\x87\0"
    "\xe9\xa3\x9e\xe6\x9c\xba\0"
    "\xe9\xa3\x9e\xe8\xa1\x8c\0"
    "\xe9\xa3\x9e\xe6\x9d\xa5\xe6\xa8\xaa\xe7\xa5\xb8\0"
    "\xe9\xa3\x9f\xe5\x93\x81\0"
    "\xe9\xa3\x9f\xe7\x89\xa9\0"
    "\xe9\xa3\x9f\xe5\xa0\x82\0"
    "\xe9\xa3\x9f\xe7\x94\xa8\0"
    "\xe9\xa4\x90\xe5\x8e\x85\0"
    "\xe9\xa5\xad\xe5\xba\x97\0"
    "\xe9\xa5\xae\xe9\xa3\x9f\0"
    "\xe9\xa5\xae\xe9\xa3\x9f\xe8\xb5\xb7\xe5\xb1\x85\0"
    "\xe9\xa5\xae\xe6\x96\x99\0"
    "\xe9\xa5\xb6\xe6\x9c\x89\xe5\x85\xb4\xe8\xb6\xa3\0"
    "\xe9\xa6\x96\xe5\x85\x88\0"
    "\xe9\xa6\x96\xe6\xac\xa1\0"
    "\xe9\xa6\x96\xe9\xa1\xb5\0"
    "\xe9\xa6\x96\xe9\x83\xbd\0"
    "\xe9\xa6\x99\xe6\xb8\xaf\0"
    "\xe9\xa9\xac\xe4\xb8\x8a\0"
    "\xe9\xa9\xac\xe7\x94\xb2\0"
    "\xe9\xa9\xac\xe8\xb7\xaf\0"
    "\xe9\xa9\xb1\xe5\x8a\xa8\0"
    "\xe9\xa9\xbe\xe9\xa9\xb6\0"
    "\xe9\xaa\x82\xe4\xba\xba\0"
    "\xe9\xaa\x84\xe5\x82\xb2\0"
    "\xe9\xaa\x87\xe4\xba\xba\xe5\x90\xac\xe9\x97\xbb\0"
    "\xe9\xaa\x8c\xe8\xaf\x81\0"
    "\xe9\xaa\x8c\xe8\xaf\x81\xe7\xa0\x81\0"
    "\xe9\xaa\x8c\xe6\x94\xb6\0"
    "\xe9\xaa\x91\xe5\xa3\xab\0"
    "\xe9\xaa\x97\xe5\xad\x90\0"
    "\xe9\xaa\x9a\xe6\x89\xb0\0"
    "\xe9\xab\x98\xe5\x85\xb4\0"
    "\xe9\xab\x98\xe9\x80\x9f\0"
    "\xe9\xab\x98\xe7\xba\xa7\0"
    "\xe9\xab\x98\xe5\xba\xa6\0"
    "\xe9\xab\x98\xe6\x89\x8b\0"
    "\xe9\xab\x98\xe4\xb8\xad\0"
    "\xe9\xab\x98\xe6\xa0\xa1\0"
    "\xe9\xab\x98\xe8\x80\x83\0"
    "\xe9\xab\x98\xe8\xbe\xbe\0"
    "\xe9\xab\x98\xe4\xba\x8e\0"
    "\xe9\xab\x98\xe5\xb1\x82\0"
    "\xe9\xab\x98\xe7\xab\xaf\0"
    "\xe9\xab\x98\xe6\x9e\x95\xe6\x97\xa0\xe5\xbf\xa7\0"
    "\xe9\xab\x98\xe6\x95\x88\0"
    "\xe9\xab\x98\xe6\xa1\xa3\0"
    "\xe9\xab\x98\xe6\xbd\xae\0"
    "\xe9\xac\xbc\xe9\xac\xbc\xe7\xa5\x9f\xe7\xa5\x9f\0"
    "\xe9\xad\x85\xe5\x8a\x9b\0"
    "\xe9\xad\x94\xe5\x85\xbd\0"
    "\xe9\xad\x94\xe6\xb3\x95\0"
    "\xe9\xb8\x9f\xe8\xaf\xad\xe8\x8a\xb1\xe9\xa6\x99\0"
    "\xe9\xb8\xa1\xe8\x9b\x8b\0"
    "\xe9\xba\xbb\xe7\x83\xa6\0"
    "\xe9\xba\xbb\xe7\x97\xb9\xe5\xa4\xa7\xe6\x84\x8f\0"
    "\xe9\xbb\x84\xe9\x87\x91\0"
    "\xe9\xbb\x84\xe8\x89\xb2\0"
    "\xe9\xbb\x91\xe8\x89\xb2\0"
    "\xe9\xbb\x91\xe6\x9a\x97\0"
    "\xe9\xbb\x98\xe8\xae\xa4\0"
    "\xe9\xbb\x98\xe9\xbb\x98\0"
    "\xe9\xbc\x93\xe5\x8a\xb1\0"
    "\xe9\xbc\x93\xe8\x88\x9e\xe4\xba\xba\xe5\xbf\x83\0"
    "\xe9\xbc\xa0\xe6\xa0\x87\0"
    "\xe9\xbc\xbb\xe5\xad\x90\0"
    "\xe9\xbd\x90\xe5\xa4\xb4\xe5\xb9\xb6\xe8\xbf\x9b\0";
